
=== TypeScript ERRORS ===

> saas-boilerplate@1.1.4 check-types:all
> tsc --project tsconfig.build.json --noEmit --pretty --listFiles

[96mscripts/configs/plandetail-config.ts[0m:[93m452[0m:[93m5[0m - [91merror[0m[90m TS6133: [0m'plannedEnd' is declared but its value is never read.

[7m452[0m     plannedEnd?: Date,
[7m   [0m [91m    ~~~~~~~~~~[0m

[96mscripts/configs/plandetail-config.ts[0m:[93m455[0m:[93m5[0m - [91merror[0m[90m TS6133: [0m'plannedQty' is declared but its value is never read.

[7m455[0m     plannedQty?: number,
[7m   [0m [91m    ~~~~~~~~~~[0m

[96mscripts/configs/plandetail-config.ts[0m:[93m456[0m:[93m5[0m - [91merror[0m[90m TS6133: [0m'actualQty' is declared but its value is never read.

[7m456[0m     actualQty?: number
[7m   [0m [91m    ~~~~~~~~~[0m

[96mscripts/enhanced-generate-advanced-entity-V2.ts[0m:[93m943[0m:[93m18[0m - [91merror[0m[90m TS2345: [0mArgument of type 'string | undefined' is not assignable to parameter of type 'string'.
  Type 'undefined' is not assignable to type 'string'.

[7m943[0m     generateFile(source, target, config);
[7m   [0m [91m                 ~~~~~~[0m

[96mscripts/enhanced-generate-advanced-entity-V3-complete.ts[0m:[93m12[0m:[93m33[0m - [91merror[0m[90m TS6133: [0m'readFileSync' is declared but its value is never read.

[7m12[0m import { existsSync, mkdirSync, readFileSync, writeFileSync } from 'node:fs';
[7m  [0m [91m                                ~~~~~~~~~~~~[0m

[96mscripts/enhanced-generate-advanced-entity-V3-configurable.ts[0m:[93m251[0m:[93m10[0m - [91merror[0m[90m TS6133: [0m'generateInsertValues' is declared but its value is never read.

[7m251[0m function generateInsertValues(config: EntityConfig): string {
[7m   [0m [91m         ~~~~~~~~~~~~~~~~~~~~[0m

[96mscripts/enhanced-generate-advanced-entity-V3-configurable.ts[0m:[93m277[0m:[93m10[0m - [91merror[0m[90m TS6133: [0m'generateUpdateValues' is declared but its value is never read.

[7m277[0m function generateUpdateValues(config: EntityConfig): string {
[7m   [0m [91m         ~~~~~~~~~~~~~~~~~~~~[0m

[96mscripts/enhanced-generate-advanced-entity-V3-configurable.ts[0m:[93m317[0m:[93m10[0m - [91merror[0m[90m TS6133: [0m'generateValidationSchema' is declared but its value is never read.

[7m317[0m function generateValidationSchema(config: EntityConfig): string {
[7m   [0m [91m         ~~~~~~~~~~~~~~~~~~~~~~~~[0m

[96mscripts/enhanced-generate-advanced-entity-V3-configurable.ts[0m:[93m759[0m:[93m18[0m - [91merror[0m[90m TS2345: [0mArgument of type 'string | undefined' is not assignable to parameter of type 'string'.
  Type 'undefined' is not assignable to type 'string'.

[7m759[0m     generateFile(source, target, config);
[7m   [0m [91m                 ~~~~~~[0m

[96mscripts/enhanced-generate-advanced-entity-V3-with-relations.ts[0m:[93m151[0m:[93m7[0m - [91merror[0m[90m TS2741: [0mProperty 'foreignKey' is missing in type '{ type: "manyToMany"; entity: string; entityLower: string; displayField: string; junctionTable: string; junctionFields: { currentKey: string; relatedKey: string; }; }' but required in type '{ type: "belongsTo" | "hasMany" | "manyToMany"; entity: string; entityLower: string; foreignKey: string; referenceKey?: string | undefined; displayField: string; nullable?: boolean | undefined; onDelete?: "cascade" | ... 2 more ... | undefined; junctionTable?: string | undefined; junctionFields?: { ...; } | undefine...'.

[7m151[0m       relation: {
[7m   [0m [91m      ~~~~~~~~[0m

  [96mscripts/enhanced-generate-advanced-entity-V3-with-relations.ts[0m:[93m30[0m:[93m5[0m
    [7m30[0m     foreignKey: string;       // Field name in current table (e.g., 'categoryId')
    [7m  [0m [96m    ~~~~~~~~~~[0m
    'foreignKey' is declared here.
  [96mscripts/enhanced-generate-advanced-entity-V3-with-relations.ts[0m:[93m26[0m:[93m3[0m
    [7m26[0m   relation?: {
    [7m  [0m [96m  ~~~~~~~~[0m
    The expected type comes from property 'relation' which is declared here on type 'FieldConfig'

[96mscripts/enhanced-generate-advanced-entity-V3-with-relations.ts[0m:[93m1864[0m:[93m18[0m - [91merror[0m[90m TS2345: [0mArgument of type 'string | undefined' is not assignable to parameter of type 'string'.
  Type 'undefined' is not assignable to type 'string'.

[7m1864[0m     generateFile(source, target, config);
[7m    [0m [91m                 ~~~~~~[0m

[96mscripts/simple-plandetail-generator.ts[0m:[93m12[0m:[93m7[0m - [91merror[0m[90m TS6133: [0m'planDetailConfig' is declared but its value is never read.

[7m12[0m const planDetailConfig = {
[7m  [0m [91m      ~~~~~~~~~~~~~~~~[0m

[96mscripts/test-config.ts[0m:[93m28[0m:[93m51[0m - [91merror[0m[90m TS7006: [0mParameter 'f' implicitly has an 'any' type.

[7m28[0m       const relationFields = config.fields.filter(f => f.relation);
[7m  [0m [91m                                                  ~[0m

[96mscripts/test-config.ts[0m:[93m30[0m:[93m30[0m - [91merror[0m[90m TS7006: [0mParameter 'field' implicitly has an 'any' type.

[7m30[0m       relationFields.forEach(field => {
[7m  [0m [91m                             ~~~~~[0m

D:/saas/AgentCoding/V3/Yamato-SaaS/node_modules/typescript/lib/lib.es5.d.ts
D:/saas/AgentCoding/V3/Yamato-SaaS/node_modules/typescript/lib/lib.es2015.d.ts
D:/saas/AgentCoding/V3/Yamato-SaaS/node_modules/typescript/lib/lib.es2016.d.ts
D:/saas/AgentCoding/V3/Yamato-SaaS/node_modules/typescript/lib/lib.es2017.d.ts
D:/saas/AgentCoding/V3/Yamato-SaaS/node_modules/typescript/lib/lib.es2018.d.ts
D:/saas/AgentCoding/V3/Yamato-SaaS/node_modules/typescript/lib/lib.es2019.d.ts
D:/saas/AgentCoding/V3/Yamato-SaaS/node_modules/typescript/lib/lib.es2020.d.ts
D:/saas/AgentCoding/V3/Yamato-SaaS/node_modules/typescript/lib/lib.es2021.d.ts
D:/saas/AgentCoding/V3/Yamato-SaaS/node_modules/typescript/lib/lib.es2022.d.ts
D:/saas/AgentCoding/V3/Yamato-SaaS/node_modules/typescript/lib/lib.es2023.d.ts
D:/saas/AgentCoding/V3/Yamato-SaaS/node_modules/typescript/lib/lib.es2024.d.ts
D:/saas/AgentCoding/V3/Yamato-SaaS/node_modules/typescript/lib/lib.esnext.d.ts
D:/saas/AgentCoding/V3/Yamato-SaaS/node_modules/typescript/lib/lib.dom.d.ts
D:/saas/AgentCoding/V3/Yamato-SaaS/node_modules/typescript/lib/lib.dom.iterable.d.ts
D:/saas/AgentCoding/V3/Yamato-SaaS/node_modules/typescript/lib/lib.es2015.core.d.ts
D:/saas/AgentCoding/V3/Yamato-SaaS/node_modules/typescript/lib/lib.es2015.collection.d.ts
D:/saas/AgentCoding/V3/Yamato-SaaS/node_modules/typescript/lib/lib.es2015.generator.d.ts
D:/saas/AgentCoding/V3/Yamato-SaaS/node_modules/typescript/lib/lib.es2015.iterable.d.ts
D:/saas/AgentCoding/V3/Yamato-SaaS/node_modules/typescript/lib/lib.es2015.promise.d.ts
D:/saas/AgentCoding/V3/Yamato-SaaS/node_modules/typescript/lib/lib.es2015.proxy.d.ts
D:/saas/AgentCoding/V3/Yamato-SaaS/node_modules/typescript/lib/lib.es2015.reflect.d.ts
D:/saas/AgentCoding/V3/Yamato-SaaS/node_modules/typescript/lib/lib.es2015.symbol.d.ts
D:/saas/AgentCoding/V3/Yamato-SaaS/node_modules/typescript/lib/lib.es2015.symbol.wellknown.d.ts
D:/saas/AgentCoding/V3/Yamato-SaaS/node_modules/typescript/lib/lib.es2016.array.include.d.ts
D:/saas/AgentCoding/V3/Yamato-SaaS/node_modules/typescript/lib/lib.es2016.intl.d.ts
D:/saas/AgentCoding/V3/Yamato-SaaS/node_modules/typescript/lib/lib.es2017.arraybuffer.d.ts
D:/saas/AgentCoding/V3/Yamato-SaaS/node_modules/typescript/lib/lib.es2017.date.d.ts
D:/saas/AgentCoding/V3/Yamato-SaaS/node_modules/typescript/lib/lib.es2017.object.d.ts
D:/saas/AgentCoding/V3/Yamato-SaaS/node_modules/typescript/lib/lib.es2017.sharedmemory.d.ts
D:/saas/AgentCoding/V3/Yamato-SaaS/node_modules/typescript/lib/lib.es2017.string.d.ts
D:/saas/AgentCoding/V3/Yamato-SaaS/node_modules/typescript/lib/lib.es2017.intl.d.ts
D:/saas/AgentCoding/V3/Yamato-SaaS/node_modules/typescript/lib/lib.es2017.typedarrays.d.ts
D:/saas/AgentCoding/V3/Yamato-SaaS/node_modules/typescript/lib/lib.es2018.asyncgenerator.d.ts
D:/saas/AgentCoding/V3/Yamato-SaaS/node_modules/typescript/lib/lib.es2018.asynciterable.d.ts
D:/saas/AgentCoding/V3/Yamato-SaaS/node_modules/typescript/lib/lib.es2018.intl.d.ts
D:/saas/AgentCoding/V3/Yamato-SaaS/node_modules/typescript/lib/lib.es2018.promise.d.ts
D:/saas/AgentCoding/V3/Yamato-SaaS/node_modules/typescript/lib/lib.es2018.regexp.d.ts
D:/saas/AgentCoding/V3/Yamato-SaaS/node_modules/typescript/lib/lib.es2019.array.d.ts
D:/saas/AgentCoding/V3/Yamato-SaaS/node_modules/typescript/lib/lib.es2019.object.d.ts
D:/saas/AgentCoding/V3/Yamato-SaaS/node_modules/typescript/lib/lib.es2019.string.d.ts
D:/saas/AgentCoding/V3/Yamato-SaaS/node_modules/typescript/lib/lib.es2019.symbol.d.ts
D:/saas/AgentCoding/V3/Yamato-SaaS/node_modules/typescript/lib/lib.es2019.intl.d.ts
D:/saas/AgentCoding/V3/Yamato-SaaS/node_modules/typescript/lib/lib.es2020.bigint.d.ts
D:/saas/AgentCoding/V3/Yamato-SaaS/node_modules/typescript/lib/lib.es2020.date.d.ts
D:/saas/AgentCoding/V3/Yamato-SaaS/node_modules/typescript/lib/lib.es2020.promise.d.ts
D:/saas/AgentCoding/V3/Yamato-SaaS/node_modules/typescript/lib/lib.es2020.sharedmemory.d.ts
D:/saas/AgentCoding/V3/Yamato-SaaS/node_modules/typescript/lib/lib.es2020.string.d.ts
D:/saas/AgentCoding/V3/Yamato-SaaS/node_modules/typescript/lib/lib.es2020.symbol.wellknown.d.ts
D:/saas/AgentCoding/V3/Yamato-SaaS/node_modules/typescript/lib/lib.es2020.intl.d.ts
D:/saas/AgentCoding/V3/Yamato-SaaS/node_modules/typescript/lib/lib.es2020.number.d.ts
D:/saas/AgentCoding/V3/Yamato-SaaS/node_modules/typescript/lib/lib.es2021.promise.d.ts
D:/saas/AgentCoding/V3/Yamato-SaaS/node_modules/typescript/lib/lib.es2021.string.d.ts
D:/saas/AgentCoding/V3/Yamato-SaaS/node_modules/typescript/lib/lib.es2021.weakref.d.ts
D:/saas/AgentCoding/V3/Yamato-SaaS/node_modules/typescript/lib/lib.es2021.intl.d.ts
D:/saas/AgentCoding/V3/Yamato-SaaS/node_modules/typescript/lib/lib.es2022.array.d.ts
D:/saas/AgentCoding/V3/Yamato-SaaS/node_modules/typescript/lib/lib.es2022.error.d.ts
D:/saas/AgentCoding/V3/Yamato-SaaS/node_modules/typescript/lib/lib.es2022.intl.d.ts
D:/saas/AgentCoding/V3/Yamato-SaaS/node_modules/typescript/lib/lib.es2022.object.d.ts
D:/saas/AgentCoding/V3/Yamato-SaaS/node_modules/typescript/lib/lib.es2022.string.d.ts
D:/saas/AgentCoding/V3/Yamato-SaaS/node_modules/typescript/lib/lib.es2022.regexp.d.ts
D:/saas/AgentCoding/V3/Yamato-SaaS/node_modules/typescript/lib/lib.es2023.array.d.ts
D:/saas/AgentCoding/V3/Yamato-SaaS/node_modules/typescript/lib/lib.es2023.collection.d.ts
D:/saas/AgentCoding/V3/Yamato-SaaS/node_modules/typescript/lib/lib.es2023.intl.d.ts
D:/saas/AgentCoding/V3/Yamato-SaaS/node_modules/typescript/lib/lib.es2024.arraybuffer.d.ts
D:/saas/AgentCoding/V3/Yamato-SaaS/node_modules/typescript/lib/lib.es2024.collection.d.ts
D:/saas/AgentCoding/V3/Yamato-SaaS/node_modules/typescript/lib/lib.es2024.object.d.ts
D:/saas/AgentCoding/V3/Yamato-SaaS/node_modules/typescript/lib/lib.es2024.promise.d.ts
D:/saas/AgentCoding/V3/Yamato-SaaS/node_modules/typescript/lib/lib.es2024.regexp.d.ts
D:/saas/AgentCoding/V3/Yamato-SaaS/node_modules/typescript/lib/lib.es2024.sharedmemory.d.ts
D:/saas/AgentCoding/V3/Yamato-SaaS/node_modules/typescript/lib/lib.es2024.string.d.ts
D:/saas/AgentCoding/V3/Yamato-SaaS/node_modules/typescript/lib/lib.esnext.array.d.ts
D:/saas/AgentCoding/V3/Yamato-SaaS/node_modules/typescript/lib/lib.esnext.collection.d.ts
D:/saas/AgentCoding/V3/Yamato-SaaS/node_modules/typescript/lib/lib.esnext.intl.d.ts
D:/saas/AgentCoding/V3/Yamato-SaaS/node_modules/typescript/lib/lib.esnext.disposable.d.ts
D:/saas/AgentCoding/V3/Yamato-SaaS/node_modules/typescript/lib/lib.esnext.promise.d.ts
D:/saas/AgentCoding/V3/Yamato-SaaS/node_modules/typescript/lib/lib.esnext.decorators.d.ts
D:/saas/AgentCoding/V3/Yamato-SaaS/node_modules/typescript/lib/lib.esnext.iterator.d.ts
D:/saas/AgentCoding/V3/Yamato-SaaS/node_modules/typescript/lib/lib.esnext.float16.d.ts
D:/saas/AgentCoding/V3/Yamato-SaaS/node_modules/typescript/lib/lib.decorators.d.ts
D:/saas/AgentCoding/V3/Yamato-SaaS/node_modules/typescript/lib/lib.decorators.legacy.d.ts
D:/saas/AgentCoding/V3/Yamato-SaaS/node_modules/next/dist/styled-jsx/types/css.d.ts
D:/saas/AgentCoding/V3/Yamato-SaaS/node_modules/@types/react/global.d.ts
D:/saas/AgentCoding/V3/Yamato-SaaS/node_modules/csstype/index.d.ts
D:/saas/AgentCoding/V3/Yamato-SaaS/node_modules/@types/prop-types/index.d.ts
D:/saas/AgentCoding/V3/Yamato-SaaS/node_modules/@types/react/index.d.ts
D:/saas/AgentCoding/V3/Yamato-SaaS/node_modules/next/dist/styled-jsx/types/index.d.ts
D:/saas/AgentCoding/V3/Yamato-SaaS/node_modules/next/dist/styled-jsx/types/macro.d.ts
D:/saas/AgentCoding/V3/Yamato-SaaS/node_modules/next/dist/styled-jsx/types/style.d.ts
D:/saas/AgentCoding/V3/Yamato-SaaS/node_modules/next/dist/styled-jsx/types/global.d.ts
D:/saas/AgentCoding/V3/Yamato-SaaS/node_modules/next/dist/shared/lib/amp.d.ts
D:/saas/AgentCoding/V3/Yamato-SaaS/node_modules/next/amp.d.ts
D:/saas/AgentCoding/V3/Yamato-SaaS/node_modules/@types/node/compatibility/disposable.d.ts
D:/saas/AgentCoding/V3/Yamato-SaaS/node_modules/@types/node/compatibility/indexable.d.ts
D:/saas/AgentCoding/V3/Yamato-SaaS/node_modules/@types/node/compatibility/iterators.d.ts
D:/saas/AgentCoding/V3/Yamato-SaaS/node_modules/@types/node/compatibility/index.d.ts
D:/saas/AgentCoding/V3/Yamato-SaaS/node_modules/@types/node/globals.typedarray.d.ts
D:/saas/AgentCoding/V3/Yamato-SaaS/node_modules/@types/node/buffer.buffer.d.ts
D:/saas/AgentCoding/V3/Yamato-SaaS/node_modules/buffer/index.d.ts
D:/saas/AgentCoding/V3/Yamato-SaaS/node_modules/undici-types/header.d.ts
D:/saas/AgentCoding/V3/Yamato-SaaS/node_modules/undici-types/readable.d.ts
D:/saas/AgentCoding/V3/Yamato-SaaS/node_modules/undici-types/file.d.ts
D:/saas/AgentCoding/V3/Yamato-SaaS/node_modules/undici-types/fetch.d.ts
D:/saas/AgentCoding/V3/Yamato-SaaS/node_modules/undici-types/formdata.d.ts
D:/saas/AgentCoding/V3/Yamato-SaaS/node_modules/undici-types/connector.d.ts
D:/saas/AgentCoding/V3/Yamato-SaaS/node_modules/undici-types/client.d.ts
D:/saas/AgentCoding/V3/Yamato-SaaS/node_modules/undici-types/errors.d.ts
D:/saas/AgentCoding/V3/Yamato-SaaS/node_modules/undici-types/dispatcher.d.ts
D:/saas/AgentCoding/V3/Yamato-SaaS/node_modules/undici-types/global-dispatcher.d.ts
D:/saas/AgentCoding/V3/Yamato-SaaS/node_modules/undici-types/global-origin.d.ts
D:/saas/AgentCoding/V3/Yamato-SaaS/node_modules/undici-types/pool-stats.d.ts
D:/saas/AgentCoding/V3/Yamato-SaaS/node_modules/undici-types/pool.d.ts
D:/saas/AgentCoding/V3/Yamato-SaaS/node_modules/undici-types/handlers.d.ts
D:/saas/AgentCoding/V3/Yamato-SaaS/node_modules/undici-types/balanced-pool.d.ts
D:/saas/AgentCoding/V3/Yamato-SaaS/node_modules/undici-types/agent.d.ts
D:/saas/AgentCoding/V3/Yamato-SaaS/node_modules/undici-types/mock-interceptor.d.ts
D:/saas/AgentCoding/V3/Yamato-SaaS/node_modules/undici-types/mock-agent.d.ts
D:/saas/AgentCoding/V3/Yamato-SaaS/node_modules/undici-types/mock-client.d.ts
D:/saas/AgentCoding/V3/Yamato-SaaS/node_modules/undici-types/mock-pool.d.ts
D:/saas/AgentCoding/V3/Yamato-SaaS/node_modules/undici-types/mock-errors.d.ts
D:/saas/AgentCoding/V3/Yamato-SaaS/node_modules/undici-types/proxy-agent.d.ts
D:/saas/AgentCoding/V3/Yamato-SaaS/node_modules/undici-types/env-http-proxy-agent.d.ts
D:/saas/AgentCoding/V3/Yamato-SaaS/node_modules/undici-types/retry-handler.d.ts
D:/saas/AgentCoding/V3/Yamato-SaaS/node_modules/undici-types/retry-agent.d.ts
D:/saas/AgentCoding/V3/Yamato-SaaS/node_modules/undici-types/api.d.ts
D:/saas/AgentCoding/V3/Yamato-SaaS/node_modules/undici-types/interceptors.d.ts
D:/saas/AgentCoding/V3/Yamato-SaaS/node_modules/undici-types/util.d.ts
D:/saas/AgentCoding/V3/Yamato-SaaS/node_modules/undici-types/cookies.d.ts
D:/saas/AgentCoding/V3/Yamato-SaaS/node_modules/undici-types/patch.d.ts
D:/saas/AgentCoding/V3/Yamato-SaaS/node_modules/undici-types/websocket.d.ts
D:/saas/AgentCoding/V3/Yamato-SaaS/node_modules/undici-types/eventsource.d.ts
D:/saas/AgentCoding/V3/Yamato-SaaS/node_modules/undici-types/filereader.d.ts
D:/saas/AgentCoding/V3/Yamato-SaaS/node_modules/undici-types/diagnostics-channel.d.ts
D:/saas/AgentCoding/V3/Yamato-SaaS/node_modules/undici-types/content-type.d.ts
D:/saas/AgentCoding/V3/Yamato-SaaS/node_modules/undici-types/cache.d.ts
D:/saas/AgentCoding/V3/Yamato-SaaS/node_modules/undici-types/index.d.ts
D:/saas/AgentCoding/V3/Yamato-SaaS/node_modules/@types/node/globals.d.ts
D:/saas/AgentCoding/V3/Yamato-SaaS/node_modules/@types/node/assert.d.ts
D:/saas/AgentCoding/V3/Yamato-SaaS/node_modules/@types/node/assert/strict.d.ts
D:/saas/AgentCoding/V3/Yamato-SaaS/node_modules/@types/node/async_hooks.d.ts
D:/saas/AgentCoding/V3/Yamato-SaaS/node_modules/@types/node/buffer.d.ts
D:/saas/AgentCoding/V3/Yamato-SaaS/node_modules/@types/node/child_process.d.ts
D:/saas/AgentCoding/V3/Yamato-SaaS/node_modules/@types/node/cluster.d.ts
D:/saas/AgentCoding/V3/Yamato-SaaS/node_modules/@types/node/console.d.ts
D:/saas/AgentCoding/V3/Yamato-SaaS/node_modules/@types/node/constants.d.ts
D:/saas/AgentCoding/V3/Yamato-SaaS/node_modules/@types/node/crypto.d.ts
D:/saas/AgentCoding/V3/Yamato-SaaS/node_modules/@types/node/dgram.d.ts
D:/saas/AgentCoding/V3/Yamato-SaaS/node_modules/@types/node/diagnostics_channel.d.ts
D:/saas/AgentCoding/V3/Yamato-SaaS/node_modules/@types/node/dns.d.ts
D:/saas/AgentCoding/V3/Yamato-SaaS/node_modules/@types/node/dns/promises.d.ts
D:/saas/AgentCoding/V3/Yamato-SaaS/node_modules/@types/node/domain.d.ts
D:/saas/AgentCoding/V3/Yamato-SaaS/node_modules/@types/node/dom-events.d.ts
D:/saas/AgentCoding/V3/Yamato-SaaS/node_modules/@types/node/events.d.ts
D:/saas/AgentCoding/V3/Yamato-SaaS/node_modules/@types/node/fs.d.ts
D:/saas/AgentCoding/V3/Yamato-SaaS/node_modules/@types/node/fs/promises.d.ts
D:/saas/AgentCoding/V3/Yamato-SaaS/node_modules/@types/node/http.d.ts
D:/saas/AgentCoding/V3/Yamato-SaaS/node_modules/@types/node/http2.d.ts
D:/saas/AgentCoding/V3/Yamato-SaaS/node_modules/@types/node/https.d.ts
D:/saas/AgentCoding/V3/Yamato-SaaS/node_modules/@types/node/inspector.d.ts
D:/saas/AgentCoding/V3/Yamato-SaaS/node_modules/@types/node/module.d.ts
D:/saas/AgentCoding/V3/Yamato-SaaS/node_modules/@types/node/net.d.ts
D:/saas/AgentCoding/V3/Yamato-SaaS/node_modules/@types/node/os.d.ts
D:/saas/AgentCoding/V3/Yamato-SaaS/node_modules/@types/node/path.d.ts
D:/saas/AgentCoding/V3/Yamato-SaaS/node_modules/@types/node/perf_hooks.d.ts
D:/saas/AgentCoding/V3/Yamato-SaaS/node_modules/@types/node/process.d.ts
D:/saas/AgentCoding/V3/Yamato-SaaS/node_modules/@types/node/punycode.d.ts
D:/saas/AgentCoding/V3/Yamato-SaaS/node_modules/@types/node/querystring.d.ts
D:/saas/AgentCoding/V3/Yamato-SaaS/node_modules/@types/node/readline.d.ts
D:/saas/AgentCoding/V3/Yamato-SaaS/node_modules/@types/node/readline/promises.d.ts
D:/saas/AgentCoding/V3/Yamato-SaaS/node_modules/@types/node/repl.d.ts
D:/saas/AgentCoding/V3/Yamato-SaaS/node_modules/@types/node/sea.d.ts
D:/saas/AgentCoding/V3/Yamato-SaaS/node_modules/@types/node/sqlite.d.ts
D:/saas/AgentCoding/V3/Yamato-SaaS/node_modules/@types/node/stream.d.ts
D:/saas/AgentCoding/V3/Yamato-SaaS/node_modules/@types/node/stream/promises.d.ts
D:/saas/AgentCoding/V3/Yamato-SaaS/node_modules/@types/node/stream/consumers.d.ts
D:/saas/AgentCoding/V3/Yamato-SaaS/node_modules/@types/node/stream/web.d.ts
D:/saas/AgentCoding/V3/Yamato-SaaS/node_modules/@types/node/string_decoder.d.ts
D:/saas/AgentCoding/V3/Yamato-SaaS/node_modules/@types/node/test.d.ts
D:/saas/AgentCoding/V3/Yamato-SaaS/node_modules/@types/node/timers.d.ts
D:/saas/AgentCoding/V3/Yamato-SaaS/node_modules/@types/node/timers/promises.d.ts
D:/saas/AgentCoding/V3/Yamato-SaaS/node_modules/@types/node/tls.d.ts
D:/saas/AgentCoding/V3/Yamato-SaaS/node_modules/@types/node/trace_events.d.ts
D:/saas/AgentCoding/V3/Yamato-SaaS/node_modules/@types/node/tty.d.ts
D:/saas/AgentCoding/V3/Yamato-SaaS/node_modules/@types/node/url.d.ts
D:/saas/AgentCoding/V3/Yamato-SaaS/node_modules/@types/node/util.d.ts
D:/saas/AgentCoding/V3/Yamato-SaaS/node_modules/@types/node/v8.d.ts
D:/saas/AgentCoding/V3/Yamato-SaaS/node_modules/@types/node/vm.d.ts
D:/saas/AgentCoding/V3/Yamato-SaaS/node_modules/@types/node/wasi.d.ts
D:/saas/AgentCoding/V3/Yamato-SaaS/node_modules/@types/node/worker_threads.d.ts
D:/saas/AgentCoding/V3/Yamato-SaaS/node_modules/@types/node/zlib.d.ts
D:/saas/AgentCoding/V3/Yamato-SaaS/node_modules/@types/node/index.d.ts
D:/saas/AgentCoding/V3/Yamato-SaaS/node_modules/next/dist/server/get-page-files.d.ts
D:/saas/AgentCoding/V3/Yamato-SaaS/node_modules/@types/react/canary.d.ts
D:/saas/AgentCoding/V3/Yamato-SaaS/node_modules/@types/react/experimental.d.ts
D:/saas/AgentCoding/V3/Yamato-SaaS/node_modules/next/dist/compiled/webpack/webpack.d.ts
D:/saas/AgentCoding/V3/Yamato-SaaS/node_modules/next/dist/server/config.d.ts
D:/saas/AgentCoding/V3/Yamato-SaaS/node_modules/next/dist/lib/load-custom-routes.d.ts
D:/saas/AgentCoding/V3/Yamato-SaaS/node_modules/next/dist/shared/lib/image-config.d.ts
D:/saas/AgentCoding/V3/Yamato-SaaS/node_modules/next/dist/build/webpack/plugins/subresource-integrity-plugin.d.ts
D:/saas/AgentCoding/V3/Yamato-SaaS/node_modules/next/dist/server/body-streams.d.ts
D:/saas/AgentCoding/V3/Yamato-SaaS/node_modules/next/dist/server/future/route-kind.d.ts
D:/saas/AgentCoding/V3/Yamato-SaaS/node_modules/next/dist/server/future/route-definitions/route-definition.d.ts
D:/saas/AgentCoding/V3/Yamato-SaaS/node_modules/next/dist/server/future/route-matches/route-match.d.ts
D:/saas/AgentCoding/V3/Yamato-SaaS/node_modules/next/dist/client/components/app-router-headers.d.ts
D:/saas/AgentCoding/V3/Yamato-SaaS/node_modules/next/dist/server/request-meta.d.ts
D:/saas/AgentCoding/V3/Yamato-SaaS/node_modules/next/dist/server/lib/revalidate.d.ts
D:/saas/AgentCoding/V3/Yamato-SaaS/node_modules/next/dist/server/config-shared.d.ts
D:/saas/AgentCoding/V3/Yamato-SaaS/node_modules/next/dist/server/base-http/index.d.ts
D:/saas/AgentCoding/V3/Yamato-SaaS/node_modules/next/dist/server/api-utils/index.d.ts
D:/saas/AgentCoding/V3/Yamato-SaaS/node_modules/next/dist/server/node-environment.d.ts
D:/saas/AgentCoding/V3/Yamato-SaaS/node_modules/next/dist/server/require-hook.d.ts
D:/saas/AgentCoding/V3/Yamato-SaaS/node_modules/next/dist/server/node-polyfill-crypto.d.ts
D:/saas/AgentCoding/V3/Yamato-SaaS/node_modules/next/dist/lib/page-types.d.ts
D:/saas/AgentCoding/V3/Yamato-SaaS/node_modules/next/dist/build/analysis/get-page-static-info.d.ts
D:/saas/AgentCoding/V3/Yamato-SaaS/node_modules/next/dist/build/webpack/loaders/get-module-build-info.d.ts
D:/saas/AgentCoding/V3/Yamato-SaaS/node_modules/next/dist/build/webpack/plugins/middleware-plugin.d.ts
D:/saas/AgentCoding/V3/Yamato-SaaS/node_modules/next/dist/server/render-result.d.ts
D:/saas/AgentCoding/V3/Yamato-SaaS/node_modules/next/dist/server/future/helpers/i18n-provider.d.ts
D:/saas/AgentCoding/V3/Yamato-SaaS/node_modules/next/dist/server/web/next-url.d.ts
D:/saas/AgentCoding/V3/Yamato-SaaS/node_modules/next/dist/compiled/@edge-runtime/cookies/index.d.ts
D:/saas/AgentCoding/V3/Yamato-SaaS/node_modules/next/dist/server/web/spec-extension/cookies.d.ts
D:/saas/AgentCoding/V3/Yamato-SaaS/node_modules/next/dist/server/web/spec-extension/request.d.ts
D:/saas/AgentCoding/V3/Yamato-SaaS/node_modules/next/dist/server/web/spec-extension/fetch-event.d.ts
D:/saas/AgentCoding/V3/Yamato-SaaS/node_modules/next/dist/server/web/spec-extension/response.d.ts
D:/saas/AgentCoding/V3/Yamato-SaaS/node_modules/next/dist/server/web/types.d.ts
D:/saas/AgentCoding/V3/Yamato-SaaS/node_modules/next/dist/lib/setup-exception-listeners.d.ts
D:/saas/AgentCoding/V3/Yamato-SaaS/node_modules/next/dist/lib/constants.d.ts
D:/saas/AgentCoding/V3/Yamato-SaaS/node_modules/next/dist/build/index.d.ts
D:/saas/AgentCoding/V3/Yamato-SaaS/node_modules/next/dist/build/webpack/plugins/pages-manifest-plugin.d.ts
D:/saas/AgentCoding/V3/Yamato-SaaS/node_modules/next/dist/shared/lib/router/utils/route-regex.d.ts
D:/saas/AgentCoding/V3/Yamato-SaaS/node_modules/next/dist/shared/lib/router/utils/route-matcher.d.ts
D:/saas/AgentCoding/V3/Yamato-SaaS/node_modules/next/dist/shared/lib/router/utils/parse-url.d.ts
D:/saas/AgentCoding/V3/Yamato-SaaS/node_modules/next/dist/server/base-http/node.d.ts
D:/saas/AgentCoding/V3/Yamato-SaaS/node_modules/next/dist/server/font-utils.d.ts
D:/saas/AgentCoding/V3/Yamato-SaaS/node_modules/next/dist/build/webpack/plugins/flight-manifest-plugin.d.ts
D:/saas/AgentCoding/V3/Yamato-SaaS/node_modules/next/dist/server/future/route-modules/route-module.d.ts
D:/saas/AgentCoding/V3/Yamato-SaaS/node_modules/next/dist/shared/lib/deep-readonly.d.ts
D:/saas/AgentCoding/V3/Yamato-SaaS/node_modules/next/dist/server/load-components.d.ts
D:/saas/AgentCoding/V3/Yamato-SaaS/node_modules/next/dist/shared/lib/router/utils/middleware-route-matcher.d.ts
D:/saas/AgentCoding/V3/Yamato-SaaS/node_modules/next/dist/build/webpack/plugins/next-font-manifest-plugin.d.ts
D:/saas/AgentCoding/V3/Yamato-SaaS/node_modules/next/dist/server/future/route-definitions/locale-route-definition.d.ts
D:/saas/AgentCoding/V3/Yamato-SaaS/node_modules/next/dist/server/future/route-definitions/pages-route-definition.d.ts
D:/saas/AgentCoding/V3/Yamato-SaaS/node_modules/next/dist/shared/lib/mitt.d.ts
D:/saas/AgentCoding/V3/Yamato-SaaS/node_modules/next/dist/client/with-router.d.ts
D:/saas/AgentCoding/V3/Yamato-SaaS/node_modules/next/dist/client/router.d.ts
D:/saas/AgentCoding/V3/Yamato-SaaS/node_modules/next/dist/client/route-loader.d.ts
D:/saas/AgentCoding/V3/Yamato-SaaS/node_modules/next/dist/client/page-loader.d.ts
D:/saas/AgentCoding/V3/Yamato-SaaS/node_modules/next/dist/shared/lib/bloom-filter.d.ts
D:/saas/AgentCoding/V3/Yamato-SaaS/node_modules/next/dist/shared/lib/router/router.d.ts
D:/saas/AgentCoding/V3/Yamato-SaaS/node_modules/next/dist/shared/lib/router-context.shared-runtime.d.ts
D:/saas/AgentCoding/V3/Yamato-SaaS/node_modules/next/dist/shared/lib/loadable-context.shared-runtime.d.ts
D:/saas/AgentCoding/V3/Yamato-SaaS/node_modules/next/dist/shared/lib/loadable.shared-runtime.d.ts
D:/saas/AgentCoding/V3/Yamato-SaaS/node_modules/next/dist/shared/lib/image-config-context.shared-runtime.d.ts
D:/saas/AgentCoding/V3/Yamato-SaaS/node_modules/next/dist/shared/lib/hooks-client-context.shared-runtime.d.ts
D:/saas/AgentCoding/V3/Yamato-SaaS/node_modules/next/dist/shared/lib/head-manager-context.shared-runtime.d.ts
D:/saas/AgentCoding/V3/Yamato-SaaS/node_modules/next/dist/server/future/route-definitions/app-page-route-definition.d.ts
D:/saas/AgentCoding/V3/Yamato-SaaS/node_modules/next/dist/shared/lib/modern-browserslist-target.d.ts
D:/saas/AgentCoding/V3/Yamato-SaaS/node_modules/next/dist/shared/lib/constants.d.ts
D:/saas/AgentCoding/V3/Yamato-SaaS/node_modules/next/dist/build/webpack/loaders/metadata/types.d.ts
D:/saas/AgentCoding/V3/Yamato-SaaS/node_modules/next/dist/build/page-extensions-type.d.ts
D:/saas/AgentCoding/V3/Yamato-SaaS/node_modules/next/dist/build/webpack/loaders/next-app-loader.d.ts
D:/saas/AgentCoding/V3/Yamato-SaaS/node_modules/next/dist/server/lib/app-dir-module.d.ts
D:/saas/AgentCoding/V3/Yamato-SaaS/node_modules/next/dist/server/response-cache/types.d.ts
D:/saas/AgentCoding/V3/Yamato-SaaS/node_modules/next/dist/server/response-cache/index.d.ts
D:/saas/AgentCoding/V3/Yamato-SaaS/node_modules/next/dist/server/lib/incremental-cache/index.d.ts
D:/saas/AgentCoding/V3/Yamato-SaaS/node_modules/next/dist/client/components/hooks-server-context.d.ts
D:/saas/AgentCoding/V3/Yamato-SaaS/node_modules/next/dist/server/app-render/dynamic-rendering.d.ts
D:/saas/AgentCoding/V3/Yamato-SaaS/node_modules/next/dist/client/components/static-generation-async-storage-instance.d.ts
D:/saas/AgentCoding/V3/Yamato-SaaS/node_modules/next/dist/client/components/static-generation-async-storage.external.d.ts
D:/saas/AgentCoding/V3/Yamato-SaaS/node_modules/next/dist/server/web/spec-extension/adapters/request-cookies.d.ts
D:/saas/AgentCoding/V3/Yamato-SaaS/node_modules/next/dist/server/async-storage/draft-mode-provider.d.ts
D:/saas/AgentCoding/V3/Yamato-SaaS/node_modules/next/dist/server/web/spec-extension/adapters/headers.d.ts
D:/saas/AgentCoding/V3/Yamato-SaaS/node_modules/next/dist/client/components/request-async-storage-instance.d.ts
D:/saas/AgentCoding/V3/Yamato-SaaS/node_modules/next/dist/client/components/request-async-storage.external.d.ts
D:/saas/AgentCoding/V3/Yamato-SaaS/node_modules/next/dist/server/app-render/create-error-handler.d.ts
D:/saas/AgentCoding/V3/Yamato-SaaS/node_modules/next/dist/server/app-render/app-render.d.ts
D:/saas/AgentCoding/V3/Yamato-SaaS/node_modules/next/dist/shared/lib/server-inserted-html.shared-runtime.d.ts
D:/saas/AgentCoding/V3/Yamato-SaaS/node_modules/next/dist/shared/lib/amp-context.shared-runtime.d.ts
D:/saas/AgentCoding/V3/Yamato-SaaS/node_modules/next/dist/server/future/route-modules/app-page/vendored/contexts/entrypoints.d.ts
D:/saas/AgentCoding/V3/Yamato-SaaS/node_modules/next/dist/server/future/route-modules/app-page/module.compiled.d.ts
D:/saas/AgentCoding/V3/Yamato-SaaS/node_modules/@types/react/jsx-runtime.d.ts
D:/saas/AgentCoding/V3/Yamato-SaaS/node_modules/next/dist/client/components/error-boundary.d.ts
D:/saas/AgentCoding/V3/Yamato-SaaS/node_modules/next/dist/client/components/router-reducer/create-initial-router-state.d.ts
D:/saas/AgentCoding/V3/Yamato-SaaS/node_modules/next/dist/client/components/app-router.d.ts
D:/saas/AgentCoding/V3/Yamato-SaaS/node_modules/next/dist/client/components/layout-router.d.ts
D:/saas/AgentCoding/V3/Yamato-SaaS/node_modules/next/dist/client/components/render-from-template-context.d.ts
D:/saas/AgentCoding/V3/Yamato-SaaS/node_modules/next/dist/client/components/action-async-storage-instance.d.ts
D:/saas/AgentCoding/V3/Yamato-SaaS/node_modules/next/dist/client/components/action-async-storage.external.d.ts
D:/saas/AgentCoding/V3/Yamato-SaaS/node_modules/next/dist/client/components/client-page.d.ts
D:/saas/AgentCoding/V3/Yamato-SaaS/node_modules/next/dist/client/components/search-params.d.ts
D:/saas/AgentCoding/V3/Yamato-SaaS/node_modules/next/dist/client/components/not-found-boundary.d.ts
D:/saas/AgentCoding/V3/Yamato-SaaS/node_modules/next/dist/server/app-render/rsc/preloads.d.ts
D:/saas/AgentCoding/V3/Yamato-SaaS/node_modules/next/dist/server/app-render/rsc/postpone.d.ts
D:/saas/AgentCoding/V3/Yamato-SaaS/node_modules/next/dist/server/app-render/rsc/taint.d.ts
D:/saas/AgentCoding/V3/Yamato-SaaS/node_modules/next/dist/server/app-render/entry-base.d.ts
D:/saas/AgentCoding/V3/Yamato-SaaS/node_modules/next/dist/build/templates/app-page.d.ts
D:/saas/AgentCoding/V3/Yamato-SaaS/node_modules/next/dist/server/future/route-modules/app-page/module.d.ts
D:/saas/AgentCoding/V3/Yamato-SaaS/node_modules/next/dist/server/lib/builtin-request-context.d.ts
D:/saas/AgentCoding/V3/Yamato-SaaS/node_modules/next/dist/server/app-render/types.d.ts
D:/saas/AgentCoding/V3/Yamato-SaaS/node_modules/next/dist/client/components/router-reducer/fetch-server-response.d.ts
D:/saas/AgentCoding/V3/Yamato-SaaS/node_modules/next/dist/client/components/router-reducer/router-reducer-types.d.ts
D:/saas/AgentCoding/V3/Yamato-SaaS/node_modules/next/dist/shared/lib/app-router-context.shared-runtime.d.ts
D:/saas/AgentCoding/V3/Yamato-SaaS/node_modules/next/dist/server/future/route-modules/pages/vendored/contexts/entrypoints.d.ts
D:/saas/AgentCoding/V3/Yamato-SaaS/node_modules/next/dist/server/future/route-modules/pages/module.compiled.d.ts
D:/saas/AgentCoding/V3/Yamato-SaaS/node_modules/next/dist/build/templates/pages.d.ts
D:/saas/AgentCoding/V3/Yamato-SaaS/node_modules/next/dist/server/future/route-modules/pages/module.d.ts
D:/saas/AgentCoding/V3/Yamato-SaaS/node_modules/next/dist/server/render.d.ts
D:/saas/AgentCoding/V3/Yamato-SaaS/node_modules/next/dist/server/future/route-definitions/pages-api-route-definition.d.ts
D:/saas/AgentCoding/V3/Yamato-SaaS/node_modules/next/dist/server/future/route-matches/pages-api-route-match.d.ts
D:/saas/AgentCoding/V3/Yamato-SaaS/node_modules/next/dist/server/future/route-matchers/route-matcher.d.ts
D:/saas/AgentCoding/V3/Yamato-SaaS/node_modules/next/dist/server/future/route-matcher-providers/route-matcher-provider.d.ts
D:/saas/AgentCoding/V3/Yamato-SaaS/node_modules/next/dist/server/future/route-matcher-managers/route-matcher-manager.d.ts
D:/saas/AgentCoding/V3/Yamato-SaaS/node_modules/next/dist/server/future/normalizers/normalizer.d.ts
D:/saas/AgentCoding/V3/Yamato-SaaS/node_modules/next/dist/server/future/normalizers/locale-route-normalizer.d.ts
D:/saas/AgentCoding/V3/Yamato-SaaS/node_modules/next/dist/server/future/normalizers/request/pathname-normalizer.d.ts
D:/saas/AgentCoding/V3/Yamato-SaaS/node_modules/next/dist/server/future/normalizers/request/suffix.d.ts
D:/saas/AgentCoding/V3/Yamato-SaaS/node_modules/next/dist/server/future/normalizers/request/rsc.d.ts
D:/saas/AgentCoding/V3/Yamato-SaaS/node_modules/next/dist/server/future/normalizers/request/prefix.d.ts
D:/saas/AgentCoding/V3/Yamato-SaaS/node_modules/next/dist/server/future/normalizers/request/postponed.d.ts
D:/saas/AgentCoding/V3/Yamato-SaaS/node_modules/next/dist/server/future/normalizers/request/action.d.ts
D:/saas/AgentCoding/V3/Yamato-SaaS/node_modules/next/dist/server/future/normalizers/request/prefetch-rsc.d.ts
D:/saas/AgentCoding/V3/Yamato-SaaS/node_modules/next/dist/server/future/normalizers/request/next-data.d.ts
D:/saas/AgentCoding/V3/Yamato-SaaS/node_modules/next/dist/server/base-server.d.ts
D:/saas/AgentCoding/V3/Yamato-SaaS/node_modules/next/dist/server/image-optimizer.d.ts
D:/saas/AgentCoding/V3/Yamato-SaaS/node_modules/next/dist/server/next-server.d.ts
D:/saas/AgentCoding/V3/Yamato-SaaS/node_modules/next/dist/lib/coalesced-function.d.ts
D:/saas/AgentCoding/V3/Yamato-SaaS/node_modules/next/dist/server/lib/router-utils/types.d.ts
D:/saas/AgentCoding/V3/Yamato-SaaS/node_modules/next/dist/trace/types.d.ts
D:/saas/AgentCoding/V3/Yamato-SaaS/node_modules/next/dist/trace/trace.d.ts
D:/saas/AgentCoding/V3/Yamato-SaaS/node_modules/next/dist/trace/shared.d.ts
D:/saas/AgentCoding/V3/Yamato-SaaS/node_modules/next/dist/trace/index.d.ts
D:/saas/AgentCoding/V3/Yamato-SaaS/node_modules/next/dist/build/load-jsconfig.d.ts
D:/saas/AgentCoding/V3/Yamato-SaaS/node_modules/next/dist/build/webpack-config.d.ts
D:/saas/AgentCoding/V3/Yamato-SaaS/node_modules/next/dist/build/webpack/plugins/define-env-plugin.d.ts
D:/saas/AgentCoding/V3/Yamato-SaaS/node_modules/next/dist/build/swc/index.d.ts
D:/saas/AgentCoding/V3/Yamato-SaaS/node_modules/next/dist/server/dev/parse-version-info.d.ts
D:/saas/AgentCoding/V3/Yamato-SaaS/node_modules/next/dist/server/dev/hot-reloader-types.d.ts
D:/saas/AgentCoding/V3/Yamato-SaaS/node_modules/next/dist/telemetry/storage.d.ts
D:/saas/AgentCoding/V3/Yamato-SaaS/node_modules/next/dist/server/lib/types.d.ts
D:/saas/AgentCoding/V3/Yamato-SaaS/node_modules/next/dist/server/lib/render-server.d.ts
D:/saas/AgentCoding/V3/Yamato-SaaS/node_modules/next/dist/server/lib/router-server.d.ts
D:/saas/AgentCoding/V3/Yamato-SaaS/node_modules/next/dist/shared/lib/router/utils/path-match.d.ts
D:/saas/AgentCoding/V3/Yamato-SaaS/node_modules/next/dist/server/lib/router-utils/filesystem.d.ts
D:/saas/AgentCoding/V3/Yamato-SaaS/node_modules/next/dist/server/lib/router-utils/setup-dev-bundler.d.ts
D:/saas/AgentCoding/V3/Yamato-SaaS/node_modules/next/dist/server/lib/dev-bundler-service.d.ts
D:/saas/AgentCoding/V3/Yamato-SaaS/node_modules/next/dist/server/dev/static-paths-worker.d.ts
D:/saas/AgentCoding/V3/Yamato-SaaS/node_modules/next/dist/server/dev/next-dev-server.d.ts
D:/saas/AgentCoding/V3/Yamato-SaaS/node_modules/next/dist/server/next.d.ts
D:/saas/AgentCoding/V3/Yamato-SaaS/node_modules/next/dist/lib/metadata/types/alternative-urls-types.d.ts
D:/saas/AgentCoding/V3/Yamato-SaaS/node_modules/next/dist/lib/metadata/types/extra-types.d.ts
D:/saas/AgentCoding/V3/Yamato-SaaS/node_modules/next/dist/lib/metadata/types/metadata-types.d.ts
D:/saas/AgentCoding/V3/Yamato-SaaS/node_modules/next/dist/lib/metadata/types/manifest-types.d.ts
D:/saas/AgentCoding/V3/Yamato-SaaS/node_modules/next/dist/lib/metadata/types/opengraph-types.d.ts
D:/saas/AgentCoding/V3/Yamato-SaaS/node_modules/next/dist/lib/metadata/types/twitter-types.d.ts
D:/saas/AgentCoding/V3/Yamato-SaaS/node_modules/next/dist/lib/metadata/types/metadata-interface.d.ts
D:/saas/AgentCoding/V3/Yamato-SaaS/node_modules/next/types/index.d.ts
D:/saas/AgentCoding/V3/Yamato-SaaS/node_modules/next/dist/shared/lib/html-context.shared-runtime.d.ts
D:/saas/AgentCoding/V3/Yamato-SaaS/node_modules/next/node_modules/@next/env/dist/index.d.ts
D:/saas/AgentCoding/V3/Yamato-SaaS/node_modules/next/dist/shared/lib/utils.d.ts
D:/saas/AgentCoding/V3/Yamato-SaaS/node_modules/next/dist/pages/_app.d.ts
D:/saas/AgentCoding/V3/Yamato-SaaS/node_modules/next/app.d.ts
D:/saas/AgentCoding/V3/Yamato-SaaS/node_modules/next/dist/server/web/spec-extension/unstable-cache.d.ts
D:/saas/AgentCoding/V3/Yamato-SaaS/node_modules/next/dist/server/web/spec-extension/revalidate.d.ts
D:/saas/AgentCoding/V3/Yamato-SaaS/node_modules/next/dist/server/web/spec-extension/unstable-no-store.d.ts
D:/saas/AgentCoding/V3/Yamato-SaaS/node_modules/next/cache.d.ts
D:/saas/AgentCoding/V3/Yamato-SaaS/node_modules/next/dist/shared/lib/runtime-config.external.d.ts
D:/saas/AgentCoding/V3/Yamato-SaaS/node_modules/next/config.d.ts
D:/saas/AgentCoding/V3/Yamato-SaaS/node_modules/next/dist/pages/_document.d.ts
D:/saas/AgentCoding/V3/Yamato-SaaS/node_modules/next/document.d.ts
D:/saas/AgentCoding/V3/Yamato-SaaS/node_modules/next/dist/shared/lib/dynamic.d.ts
D:/saas/AgentCoding/V3/Yamato-SaaS/node_modules/next/dynamic.d.ts
D:/saas/AgentCoding/V3/Yamato-SaaS/node_modules/next/dist/pages/_error.d.ts
D:/saas/AgentCoding/V3/Yamato-SaaS/node_modules/next/error.d.ts
D:/saas/AgentCoding/V3/Yamato-SaaS/node_modules/next/dist/shared/lib/head.d.ts
D:/saas/AgentCoding/V3/Yamato-SaaS/node_modules/next/head.d.ts
D:/saas/AgentCoding/V3/Yamato-SaaS/node_modules/next/dist/client/components/draft-mode.d.ts
D:/saas/AgentCoding/V3/Yamato-SaaS/node_modules/next/dist/client/components/headers.d.ts
D:/saas/AgentCoding/V3/Yamato-SaaS/node_modules/next/headers.d.ts
D:/saas/AgentCoding/V3/Yamato-SaaS/node_modules/next/dist/shared/lib/get-img-props.d.ts
D:/saas/AgentCoding/V3/Yamato-SaaS/node_modules/next/dist/client/image-component.d.ts
D:/saas/AgentCoding/V3/Yamato-SaaS/node_modules/next/dist/shared/lib/image-external.d.ts
D:/saas/AgentCoding/V3/Yamato-SaaS/node_modules/next/image.d.ts
D:/saas/AgentCoding/V3/Yamato-SaaS/node_modules/next/dist/client/link.d.ts
D:/saas/AgentCoding/V3/Yamato-SaaS/node_modules/next/link.d.ts
D:/saas/AgentCoding/V3/Yamato-SaaS/node_modules/next/dist/client/components/redirect-status-code.d.ts
D:/saas/AgentCoding/V3/Yamato-SaaS/node_modules/next/dist/client/components/redirect.d.ts
D:/saas/AgentCoding/V3/Yamato-SaaS/node_modules/next/dist/client/components/not-found.d.ts
D:/saas/AgentCoding/V3/Yamato-SaaS/node_modules/next/dist/client/components/navigation.react-server.d.ts
D:/saas/AgentCoding/V3/Yamato-SaaS/node_modules/next/dist/client/components/navigation.d.ts
D:/saas/AgentCoding/V3/Yamato-SaaS/node_modules/next/navigation.d.ts
D:/saas/AgentCoding/V3/Yamato-SaaS/node_modules/next/router.d.ts
D:/saas/AgentCoding/V3/Yamato-SaaS/node_modules/next/dist/client/script.d.ts
D:/saas/AgentCoding/V3/Yamato-SaaS/node_modules/next/script.d.ts
D:/saas/AgentCoding/V3/Yamato-SaaS/node_modules/next/dist/server/web/spec-extension/user-agent.d.ts
D:/saas/AgentCoding/V3/Yamato-SaaS/node_modules/next/dist/compiled/@edge-runtime/primitives/url.d.ts
D:/saas/AgentCoding/V3/Yamato-SaaS/node_modules/next/dist/server/web/spec-extension/image-response.d.ts
D:/saas/AgentCoding/V3/Yamato-SaaS/node_modules/next/dist/compiled/@vercel/og/satori/index.d.ts
D:/saas/AgentCoding/V3/Yamato-SaaS/node_modules/next/dist/compiled/@vercel/og/emoji/index.d.ts
D:/saas/AgentCoding/V3/Yamato-SaaS/node_modules/next/dist/compiled/@vercel/og/types.d.ts
D:/saas/AgentCoding/V3/Yamato-SaaS/node_modules/next/server.d.ts
D:/saas/AgentCoding/V3/Yamato-SaaS/node_modules/next/types/global.d.ts
D:/saas/AgentCoding/V3/Yamato-SaaS/node_modules/next/types/compiled.d.ts
D:/saas/AgentCoding/V3/Yamato-SaaS/node_modules/next/index.d.ts
D:/saas/AgentCoding/V3/Yamato-SaaS/node_modules/next/image-types/global.d.ts
D:/saas/AgentCoding/V3/Yamato-SaaS/next-env.d.ts
D:/saas/AgentCoding/V3/Yamato-SaaS/node_modules/checkly/dist/constructs/ref.d.ts
D:/saas/AgentCoding/V3/Yamato-SaaS/node_modules/checkly/dist/constructs/frequency.d.ts
D:/saas/AgentCoding/V3/Yamato-SaaS/node_modules/checkly/dist/constructs/construct.d.ts
D:/saas/AgentCoding/V3/Yamato-SaaS/node_modules/checkly/dist/constructs/alert-channel.d.ts
D:/saas/AgentCoding/V3/Yamato-SaaS/node_modules/checkly/dist/constructs/key-value-pair.d.ts
D:/saas/AgentCoding/V3/Yamato-SaaS/node_modules/checkly/dist/constructs/environment-variable.d.ts
D:/saas/AgentCoding/V3/Yamato-SaaS/node_modules/checkly/dist/constructs/private-location.d.ts
D:/saas/AgentCoding/V3/Yamato-SaaS/node_modules/checkly/dist/constructs/http-header.d.ts
D:/saas/AgentCoding/V3/Yamato-SaaS/node_modules/checkly/dist/constructs/query-param.d.ts
D:/saas/AgentCoding/V3/Yamato-SaaS/node_modules/checkly/dist/constructs/internal/assertion.d.ts
D:/saas/AgentCoding/V3/Yamato-SaaS/node_modules/checkly/dist/constructs/retry-strategy.d.ts
D:/saas/AgentCoding/V3/Yamato-SaaS/node_modules/checkly/dist/constructs/alert-escalation-policy.d.ts
D:/saas/AgentCoding/V3/Yamato-SaaS/node_modules/checkly/dist/constructs/api-check.d.ts
D:/saas/AgentCoding/V3/Yamato-SaaS/node_modules/checkly/dist/constructs/check-group.d.ts
D:/saas/AgentCoding/V3/Yamato-SaaS/node_modules/checkly/dist/constructs/check.d.ts
D:/saas/AgentCoding/V3/Yamato-SaaS/node_modules/checkly/node_modules/axios/index.d.ts
D:/saas/AgentCoding/V3/Yamato-SaaS/node_modules/checkly/node_modules/dotenv/lib/main.d.ts
D:/saas/AgentCoding/V3/Yamato-SaaS/node_modules/checkly/dist/services/util.d.ts
D:/saas/AgentCoding/V3/Yamato-SaaS/node_modules/checkly/dist/rest/test-sessions.d.ts
D:/saas/AgentCoding/V3/Yamato-SaaS/node_modules/eventemitter3/index.d.ts
D:/saas/AgentCoding/V3/Yamato-SaaS/node_modules/p-queue/dist/queue.d.ts
D:/saas/AgentCoding/V3/Yamato-SaaS/node_modules/p-queue/dist/options.d.ts
D:/saas/AgentCoding/V3/Yamato-SaaS/node_modules/p-queue/dist/priority-queue.d.ts
D:/saas/AgentCoding/V3/Yamato-SaaS/node_modules/p-queue/dist/index.d.ts
D:/saas/AgentCoding/V3/Yamato-SaaS/node_modules/checkly/dist/services/abstract-check-runner.d.ts
D:/saas/AgentCoding/V3/Yamato-SaaS/node_modules/checkly/dist/reporters/reporter.d.ts
D:/saas/AgentCoding/V3/Yamato-SaaS/node_modules/checkly/dist/constructs/playwright-config.d.ts
D:/saas/AgentCoding/V3/Yamato-SaaS/node_modules/checkly/dist/services/checkly-config-loader.d.ts
D:/saas/AgentCoding/V3/Yamato-SaaS/node_modules/checkly/dist/services/check-parser/package-files/source-file.d.ts
D:/saas/AgentCoding/V3/Yamato-SaaS/node_modules/checkly/dist/services/check-parser/package-files/json-source-file.d.ts
D:/saas/AgentCoding/V3/Yamato-SaaS/node_modules/checkly/dist/services/check-parser/package-files/package-json-file.d.ts
D:/saas/AgentCoding/V3/Yamato-SaaS/node_modules/checkly/dist/services/check-parser/package-files/paths.d.ts
D:/saas/AgentCoding/V3/Yamato-SaaS/node_modules/checkly/dist/services/check-parser/package-files/tsconfig-json-file.d.ts
D:/saas/AgentCoding/V3/Yamato-SaaS/node_modules/checkly/dist/services/check-parser/package-files/jsconfig-json-file.d.ts
D:/saas/AgentCoding/V3/Yamato-SaaS/node_modules/checkly/dist/services/check-parser/package-files/lookup.d.ts
D:/saas/AgentCoding/V3/Yamato-SaaS/node_modules/checkly/dist/services/check-parser/package-files/resolver.d.ts
D:/saas/AgentCoding/V3/Yamato-SaaS/node_modules/checkly/dist/services/check-parser/parser.d.ts
D:/saas/AgentCoding/V3/Yamato-SaaS/node_modules/checkly/dist/rest/runtimes.d.ts
D:/saas/AgentCoding/V3/Yamato-SaaS/node_modules/checkly/dist/rest/projects.d.ts
D:/saas/AgentCoding/V3/Yamato-SaaS/node_modules/checkly/dist/rest/private-locations.d.ts
D:/saas/AgentCoding/V3/Yamato-SaaS/node_modules/checkly/dist/constructs/project.d.ts
D:/saas/AgentCoding/V3/Yamato-SaaS/node_modules/checkly/dist/constructs/sms-alert-channel.d.ts
D:/saas/AgentCoding/V3/Yamato-SaaS/node_modules/checkly/dist/constructs/email-alert-channel.d.ts
D:/saas/AgentCoding/V3/Yamato-SaaS/node_modules/checkly/dist/constructs/slack-alert-channel.d.ts
D:/saas/AgentCoding/V3/Yamato-SaaS/node_modules/checkly/dist/constructs/opsgenie-alert-channel.d.ts
D:/saas/AgentCoding/V3/Yamato-SaaS/node_modules/checkly/dist/constructs/pagerduty-alert-channel.d.ts
D:/saas/AgentCoding/V3/Yamato-SaaS/node_modules/checkly/dist/constructs/webhook-alert-channel.d.ts
D:/saas/AgentCoding/V3/Yamato-SaaS/node_modules/checkly/dist/services/snapshot-service.d.ts
D:/saas/AgentCoding/V3/Yamato-SaaS/node_modules/checkly/dist/constructs/browser-check.d.ts
D:/saas/AgentCoding/V3/Yamato-SaaS/node_modules/checkly/dist/constructs/heartbeat-check.d.ts
D:/saas/AgentCoding/V3/Yamato-SaaS/node_modules/checkly/dist/constructs/alert-channel-subscription.d.ts
D:/saas/AgentCoding/V3/Yamato-SaaS/node_modules/checkly/dist/constructs/maintenance-window.d.ts
D:/saas/AgentCoding/V3/Yamato-SaaS/node_modules/checkly/dist/constructs/private-location-check-assignment.d.ts
D:/saas/AgentCoding/V3/Yamato-SaaS/node_modules/checkly/dist/constructs/private-location-group-assignment.d.ts
D:/saas/AgentCoding/V3/Yamato-SaaS/node_modules/checkly/dist/constructs/dashboard.d.ts
D:/saas/AgentCoding/V3/Yamato-SaaS/node_modules/checkly/dist/constructs/phone-call-alert-channel.d.ts
D:/saas/AgentCoding/V3/Yamato-SaaS/node_modules/checkly/dist/constructs/multi-step-check.d.ts
D:/saas/AgentCoding/V3/Yamato-SaaS/node_modules/checkly/dist/constructs/tcp-check.d.ts
D:/saas/AgentCoding/V3/Yamato-SaaS/node_modules/checkly/dist/constructs/index.d.ts
D:/saas/AgentCoding/V3/Yamato-SaaS/node_modules/checkly/dist/config.d.ts
D:/saas/AgentCoding/V3/Yamato-SaaS/node_modules/checkly/dist/index.d.ts
D:/saas/AgentCoding/V3/Yamato-SaaS/checkly.config.ts
D:/saas/AgentCoding/V3/Yamato-SaaS/node_modules/@commitlint/types/lib/ensure.d.ts
D:/saas/AgentCoding/V3/Yamato-SaaS/node_modules/chalk/source/vendor/ansi-styles/index.d.ts
D:/saas/AgentCoding/V3/Yamato-SaaS/node_modules/chalk/source/vendor/supports-color/index.d.ts
D:/saas/AgentCoding/V3/Yamato-SaaS/node_modules/chalk/source/index.d.ts
D:/saas/AgentCoding/V3/Yamato-SaaS/node_modules/@commitlint/types/lib/prompt.d.ts
D:/saas/AgentCoding/V3/Yamato-SaaS/node_modules/@commitlint/types/node_modules/@types/conventional-commits-parser/index.d.ts
D:/saas/AgentCoding/V3/Yamato-SaaS/node_modules/@commitlint/types/lib/rules.d.ts
D:/saas/AgentCoding/V3/Yamato-SaaS/node_modules/@commitlint/types/lib/load.d.ts
D:/saas/AgentCoding/V3/Yamato-SaaS/node_modules/@commitlint/types/lib/format.d.ts
D:/saas/AgentCoding/V3/Yamato-SaaS/node_modules/@commitlint/types/lib/is-ignored.d.ts
D:/saas/AgentCoding/V3/Yamato-SaaS/node_modules/@commitlint/types/lib/lint.d.ts
D:/saas/AgentCoding/V3/Yamato-SaaS/node_modules/@commitlint/types/lib/parse.d.ts
D:/saas/AgentCoding/V3/Yamato-SaaS/node_modules/@commitlint/types/lib/index.d.ts
D:/saas/AgentCoding/V3/Yamato-SaaS/commitlint.config.ts
D:/saas/AgentCoding/V3/Yamato-SaaS/node_modules/drizzle-kit/common-DYjgLS6u.d.mts
D:/saas/AgentCoding/V3/Yamato-SaaS/node_modules/drizzle-kit/index.d.mts
D:/saas/AgentCoding/V3/Yamato-SaaS/drizzle.config.ts
D:/saas/AgentCoding/V3/Yamato-SaaS/node_modules/playwright-core/types/protocol.d.ts
D:/saas/AgentCoding/V3/Yamato-SaaS/node_modules/playwright-core/types/structs.d.ts
D:/saas/AgentCoding/V3/Yamato-SaaS/node_modules/playwright-core/types/types.d.ts
D:/saas/AgentCoding/V3/Yamato-SaaS/node_modules/playwright-core/index.d.ts
D:/saas/AgentCoding/V3/Yamato-SaaS/node_modules/playwright/types/test.d.ts
D:/saas/AgentCoding/V3/Yamato-SaaS/node_modules/playwright/test.d.ts
D:/saas/AgentCoding/V3/Yamato-SaaS/node_modules/@playwright/test/index.d.ts
D:/saas/AgentCoding/V3/Yamato-SaaS/playwright.config.ts
D:/saas/AgentCoding/V3/Yamato-SaaS/node_modules/@sentry/core/build/types/types-hoist/attachment.d.ts
D:/saas/AgentCoding/V3/Yamato-SaaS/node_modules/@sentry/core/build/types/types-hoist/severity.d.ts
D:/saas/AgentCoding/V3/Yamato-SaaS/node_modules/@sentry/core/build/types/types-hoist/breadcrumb.d.ts
D:/saas/AgentCoding/V3/Yamato-SaaS/node_modules/@sentry/core/build/types/featureFlags.d.ts
D:/saas/AgentCoding/V3/Yamato-SaaS/node_modules/@sentry/core/build/types/types-hoist/request.d.ts
D:/saas/AgentCoding/V3/Yamato-SaaS/node_modules/@sentry/core/build/types/types-hoist/misc.d.ts
D:/saas/AgentCoding/V3/Yamato-SaaS/node_modules/@sentry/core/build/types/types-hoist/measurement.d.ts
D:/saas/AgentCoding/V3/Yamato-SaaS/node_modules/@sentry/core/build/types/types-hoist/opentelemetry.d.ts
D:/saas/AgentCoding/V3/Yamato-SaaS/node_modules/@sentry/core/build/types/types-hoist/spanStatus.d.ts
D:/saas/AgentCoding/V3/Yamato-SaaS/node_modules/@sentry/core/build/types/types-hoist/transaction.d.ts
D:/saas/AgentCoding/V3/Yamato-SaaS/node_modules/@sentry/core/build/types/types-hoist/span.d.ts
D:/saas/AgentCoding/V3/Yamato-SaaS/node_modules/@sentry/core/build/types/types-hoist/context.d.ts
D:/saas/AgentCoding/V3/Yamato-SaaS/node_modules/@sentry/core/build/types/types-hoist/checkin.d.ts
D:/saas/AgentCoding/V3/Yamato-SaaS/node_modules/@sentry/core/build/types/types-hoist/datacategory.d.ts
D:/saas/AgentCoding/V3/Yamato-SaaS/node_modules/@sentry/core/build/types/types-hoist/clientreport.d.ts
D:/saas/AgentCoding/V3/Yamato-SaaS/node_modules/@sentry/core/build/types/types-hoist/dsn.d.ts
D:/saas/AgentCoding/V3/Yamato-SaaS/node_modules/@sentry/core/build/types/types-hoist/csp.d.ts
D:/saas/AgentCoding/V3/Yamato-SaaS/node_modules/@sentry/core/build/types/types-hoist/debugMeta.d.ts
D:/saas/AgentCoding/V3/Yamato-SaaS/node_modules/@sentry/core/build/types/types-hoist/mechanism.d.ts
D:/saas/AgentCoding/V3/Yamato-SaaS/node_modules/@sentry/core/build/types/types-hoist/stackframe.d.ts
D:/saas/AgentCoding/V3/Yamato-SaaS/node_modules/@sentry/core/build/types/types-hoist/stacktrace.d.ts
D:/saas/AgentCoding/V3/Yamato-SaaS/node_modules/@sentry/core/build/types/types-hoist/exception.d.ts
D:/saas/AgentCoding/V3/Yamato-SaaS/node_modules/@sentry/core/build/types/types-hoist/extra.d.ts
D:/saas/AgentCoding/V3/Yamato-SaaS/node_modules/@sentry/core/build/types/types-hoist/polymorphics.d.ts
D:/saas/AgentCoding/V3/Yamato-SaaS/node_modules/@sentry/core/build/types/types-hoist/eventprocessor.d.ts
D:/saas/AgentCoding/V3/Yamato-SaaS/node_modules/@sentry/core/build/types/types-hoist/user.d.ts
D:/saas/AgentCoding/V3/Yamato-SaaS/node_modules/@sentry/core/build/types/types-hoist/session.d.ts
D:/saas/AgentCoding/V3/Yamato-SaaS/node_modules/@sentry/core/build/types/types-hoist/tracing.d.ts
D:/saas/AgentCoding/V3/Yamato-SaaS/node_modules/@sentry/core/build/types/types-hoist/scope.d.ts
D:/saas/AgentCoding/V3/Yamato-SaaS/node_modules/@sentry/core/build/types/types-hoist/package.d.ts
D:/saas/AgentCoding/V3/Yamato-SaaS/node_modules/@sentry/core/build/types/types-hoist/sdkinfo.d.ts
D:/saas/AgentCoding/V3/Yamato-SaaS/node_modules/@sentry/core/build/types/types-hoist/thread.d.ts
D:/saas/AgentCoding/V3/Yamato-SaaS/node_modules/@sentry/core/build/types/types-hoist/event.d.ts
D:/saas/AgentCoding/V3/Yamato-SaaS/node_modules/@sentry/core/build/types/types-hoist/integration.d.ts
D:/saas/AgentCoding/V3/Yamato-SaaS/node_modules/@sentry/core/build/types/types-hoist/feedback/form.d.ts
D:/saas/AgentCoding/V3/Yamato-SaaS/node_modules/@sentry/core/build/types/types-hoist/feedback/theme.d.ts
D:/saas/AgentCoding/V3/Yamato-SaaS/node_modules/@sentry/core/build/types/types-hoist/feedback/config.d.ts
D:/saas/AgentCoding/V3/Yamato-SaaS/node_modules/@sentry/core/build/types/types-hoist/feedback/sendFeedback.d.ts
D:/saas/AgentCoding/V3/Yamato-SaaS/node_modules/@sentry/core/build/types/types-hoist/feedback/index.d.ts
D:/saas/AgentCoding/V3/Yamato-SaaS/node_modules/@sentry/core/build/types/types-hoist/profiling.d.ts
D:/saas/AgentCoding/V3/Yamato-SaaS/node_modules/@sentry/core/build/types/types-hoist/replay.d.ts
D:/saas/AgentCoding/V3/Yamato-SaaS/node_modules/@sentry/core/build/types/types-hoist/envelope.d.ts
D:/saas/AgentCoding/V3/Yamato-SaaS/node_modules/@sentry/core/build/types/types-hoist/samplingcontext.d.ts
D:/saas/AgentCoding/V3/Yamato-SaaS/node_modules/@sentry/core/build/types/types-hoist/sdkmetadata.d.ts
D:/saas/AgentCoding/V3/Yamato-SaaS/node_modules/@sentry/core/build/types/types-hoist/transport.d.ts
D:/saas/AgentCoding/V3/Yamato-SaaS/node_modules/@sentry/core/build/types/types-hoist/options.d.ts
D:/saas/AgentCoding/V3/Yamato-SaaS/node_modules/@sentry/core/build/types/types-hoist/parameterize.d.ts
D:/saas/AgentCoding/V3/Yamato-SaaS/node_modules/@sentry/core/build/types/types-hoist/startSpanOptions.d.ts
D:/saas/AgentCoding/V3/Yamato-SaaS/node_modules/@sentry/core/build/types/types-hoist/client.d.ts
D:/saas/AgentCoding/V3/Yamato-SaaS/node_modules/@sentry/core/build/types/types-hoist/error.d.ts
D:/saas/AgentCoding/V3/Yamato-SaaS/node_modules/@sentry/core/build/types/types-hoist/hub.d.ts
D:/saas/AgentCoding/V3/Yamato-SaaS/node_modules/@sentry/core/build/types/types-hoist/runtime.d.ts
D:/saas/AgentCoding/V3/Yamato-SaaS/node_modules/@sentry/core/build/types/types-hoist/timedEvent.d.ts
D:/saas/AgentCoding/V3/Yamato-SaaS/node_modules/@sentry/core/build/types/types-hoist/webfetchapi.d.ts
D:/saas/AgentCoding/V3/Yamato-SaaS/node_modules/@sentry/core/build/types/types-hoist/wrappedfunction.d.ts
D:/saas/AgentCoding/V3/Yamato-SaaS/node_modules/@sentry/core/build/types/types-hoist/instrument.d.ts
D:/saas/AgentCoding/V3/Yamato-SaaS/node_modules/@sentry/core/build/types/types-hoist/browseroptions.d.ts
D:/saas/AgentCoding/V3/Yamato-SaaS/node_modules/@sentry/core/build/types/types-hoist/metrics.d.ts
D:/saas/AgentCoding/V3/Yamato-SaaS/node_modules/@sentry/core/build/types/types-hoist/view-hierarchy.d.ts
D:/saas/AgentCoding/V3/Yamato-SaaS/node_modules/@sentry/core/build/types/types-hoist/index.d.ts
D:/saas/AgentCoding/V3/Yamato-SaaS/node_modules/@sentry/core/build/types/sdk.d.ts
D:/saas/AgentCoding/V3/Yamato-SaaS/node_modules/@sentry/core/build/types/utils/traceData.d.ts
D:/saas/AgentCoding/V3/Yamato-SaaS/node_modules/@sentry/core/build/types/utils-hoist/tracing.d.ts
D:/saas/AgentCoding/V3/Yamato-SaaS/node_modules/@sentry/core/build/types/tracing/trace.d.ts
D:/saas/AgentCoding/V3/Yamato-SaaS/node_modules/@sentry/core/build/types/metrics/constants.d.ts
D:/saas/AgentCoding/V3/Yamato-SaaS/node_modules/@sentry/core/build/types/metrics/types.d.ts
D:/saas/AgentCoding/V3/Yamato-SaaS/node_modules/@sentry/core/build/types/utils/spanUtils.d.ts
D:/saas/AgentCoding/V3/Yamato-SaaS/node_modules/@sentry/core/build/types/asyncContext/types.d.ts
D:/saas/AgentCoding/V3/Yamato-SaaS/node_modules/@sentry/core/build/types/asyncContext/stackStrategy.d.ts
D:/saas/AgentCoding/V3/Yamato-SaaS/node_modules/@sentry/core/build/types/carrier.d.ts
D:/saas/AgentCoding/V3/Yamato-SaaS/node_modules/@sentry/core/build/types/transports/offline.d.ts
D:/saas/AgentCoding/V3/Yamato-SaaS/node_modules/@sentry/core/build/types/integration.d.ts
D:/saas/AgentCoding/V3/Yamato-SaaS/node_modules/@sentry/core/build/types/scope.d.ts
D:/saas/AgentCoding/V3/Yamato-SaaS/node_modules/@sentry/core/build/types/baseclient.d.ts
D:/saas/AgentCoding/V3/Yamato-SaaS/node_modules/@sentry/core/build/types/sessionflusher.d.ts
D:/saas/AgentCoding/V3/Yamato-SaaS/node_modules/@sentry/core/build/types/server-runtime-client.d.ts
D:/saas/AgentCoding/V3/Yamato-SaaS/node_modules/@sentry/core/build/types/integrations/requestdata.d.ts
D:/saas/AgentCoding/V3/Yamato-SaaS/node_modules/@sentry/core/build/types/tracing/errors.d.ts
D:/saas/AgentCoding/V3/Yamato-SaaS/node_modules/@sentry/core/build/types/tracing/utils.d.ts
D:/saas/AgentCoding/V3/Yamato-SaaS/node_modules/@sentry/core/build/types/tracing/hubextensions.d.ts
D:/saas/AgentCoding/V3/Yamato-SaaS/node_modules/@sentry/core/build/types/tracing/idleSpan.d.ts
D:/saas/AgentCoding/V3/Yamato-SaaS/node_modules/@sentry/core/build/types/tracing/sentrySpan.d.ts
D:/saas/AgentCoding/V3/Yamato-SaaS/node_modules/@sentry/core/build/types/tracing/sentryNonRecordingSpan.d.ts
D:/saas/AgentCoding/V3/Yamato-SaaS/node_modules/@sentry/core/build/types/tracing/spanstatus.d.ts
D:/saas/AgentCoding/V3/Yamato-SaaS/node_modules/@sentry/core/build/types/tracing/dynamicSamplingContext.d.ts
D:/saas/AgentCoding/V3/Yamato-SaaS/node_modules/@sentry/core/build/types/tracing/measurement.d.ts
D:/saas/AgentCoding/V3/Yamato-SaaS/node_modules/@sentry/core/build/types/tracing/sampling.d.ts
D:/saas/AgentCoding/V3/Yamato-SaaS/node_modules/@sentry/core/build/types/tracing/logSpans.d.ts
D:/saas/AgentCoding/V3/Yamato-SaaS/node_modules/@sentry/core/build/types/tracing/index.d.ts
D:/saas/AgentCoding/V3/Yamato-SaaS/node_modules/@sentry/core/build/types/semanticAttributes.d.ts
D:/saas/AgentCoding/V3/Yamato-SaaS/node_modules/@sentry/core/build/types/envelope.d.ts
D:/saas/AgentCoding/V3/Yamato-SaaS/node_modules/@sentry/core/build/types/utils/prepareEvent.d.ts
D:/saas/AgentCoding/V3/Yamato-SaaS/node_modules/@sentry/core/build/types/exports.d.ts
D:/saas/AgentCoding/V3/Yamato-SaaS/node_modules/@sentry/core/build/types/currentScopes.d.ts
D:/saas/AgentCoding/V3/Yamato-SaaS/node_modules/@sentry/core/build/types/defaultScopes.d.ts
D:/saas/AgentCoding/V3/Yamato-SaaS/node_modules/@sentry/core/build/types/asyncContext/index.d.ts
D:/saas/AgentCoding/V3/Yamato-SaaS/node_modules/@sentry/core/build/types/session.d.ts
D:/saas/AgentCoding/V3/Yamato-SaaS/node_modules/@sentry/core/build/types/eventProcessors.d.ts
D:/saas/AgentCoding/V3/Yamato-SaaS/node_modules/@sentry/core/build/types/api.d.ts
D:/saas/AgentCoding/V3/Yamato-SaaS/node_modules/@sentry/core/build/types/utils-hoist/promisebuffer.d.ts
D:/saas/AgentCoding/V3/Yamato-SaaS/node_modules/@sentry/core/build/types/transports/base.d.ts
D:/saas/AgentCoding/V3/Yamato-SaaS/node_modules/@sentry/core/build/types/transports/multiplexed.d.ts
D:/saas/AgentCoding/V3/Yamato-SaaS/node_modules/@sentry/core/build/types/utils/applyScopeDataToEvent.d.ts
D:/saas/AgentCoding/V3/Yamato-SaaS/node_modules/@sentry/core/build/types/checkin.d.ts
D:/saas/AgentCoding/V3/Yamato-SaaS/node_modules/@sentry/core/build/types/utils/hasTracingEnabled.d.ts
D:/saas/AgentCoding/V3/Yamato-SaaS/node_modules/@sentry/core/build/types/utils/isSentryRequestUrl.d.ts
D:/saas/AgentCoding/V3/Yamato-SaaS/node_modules/@sentry/core/build/types/utils/handleCallbackErrors.d.ts
D:/saas/AgentCoding/V3/Yamato-SaaS/node_modules/@sentry/core/build/types/utils/parameterize.d.ts
D:/saas/AgentCoding/V3/Yamato-SaaS/node_modules/@sentry/core/build/types/utils/parseSampleRate.d.ts
D:/saas/AgentCoding/V3/Yamato-SaaS/node_modules/@sentry/core/build/types/utils/sdkMetadata.d.ts
D:/saas/AgentCoding/V3/Yamato-SaaS/node_modules/@sentry/core/build/types/utils/meta.d.ts
D:/saas/AgentCoding/V3/Yamato-SaaS/node_modules/@sentry/core/build/types/constants.d.ts
D:/saas/AgentCoding/V3/Yamato-SaaS/node_modules/@sentry/core/build/types/breadcrumbs.d.ts
D:/saas/AgentCoding/V3/Yamato-SaaS/node_modules/@sentry/core/build/types/integrations/functiontostring.d.ts
D:/saas/AgentCoding/V3/Yamato-SaaS/node_modules/@sentry/core/build/types/integrations/inboundfilters.d.ts
D:/saas/AgentCoding/V3/Yamato-SaaS/node_modules/@sentry/core/build/types/integrations/linkederrors.d.ts
D:/saas/AgentCoding/V3/Yamato-SaaS/node_modules/@sentry/core/build/types/integrations/metadata.d.ts
D:/saas/AgentCoding/V3/Yamato-SaaS/node_modules/@sentry/core/build/types/integrations/captureconsole.d.ts
D:/saas/AgentCoding/V3/Yamato-SaaS/node_modules/@sentry/core/build/types/integrations/debug.d.ts
D:/saas/AgentCoding/V3/Yamato-SaaS/node_modules/@sentry/core/build/types/integrations/dedupe.d.ts
D:/saas/AgentCoding/V3/Yamato-SaaS/node_modules/@sentry/core/build/types/integrations/extraerrordata.d.ts
D:/saas/AgentCoding/V3/Yamato-SaaS/node_modules/@sentry/core/build/types/integrations/rewriteframes.d.ts
D:/saas/AgentCoding/V3/Yamato-SaaS/node_modules/@sentry/core/build/types/integrations/sessiontiming.d.ts
D:/saas/AgentCoding/V3/Yamato-SaaS/node_modules/@sentry/core/build/types/integrations/zoderrors.d.ts
D:/saas/AgentCoding/V3/Yamato-SaaS/node_modules/@sentry/core/build/types/integrations/third-party-errors-filter.d.ts
D:/saas/AgentCoding/V3/Yamato-SaaS/node_modules/@sentry/core/build/types/metrics/exports.d.ts
D:/saas/AgentCoding/V3/Yamato-SaaS/node_modules/@sentry/core/build/types/profiling.d.ts
D:/saas/AgentCoding/V3/Yamato-SaaS/node_modules/@sentry/core/build/types/metrics/exports-default.d.ts
D:/saas/AgentCoding/V3/Yamato-SaaS/node_modules/@sentry/core/build/types/metrics/browser-aggregator.d.ts
D:/saas/AgentCoding/V3/Yamato-SaaS/node_modules/@sentry/core/build/types/metrics/metric-summary.d.ts
D:/saas/AgentCoding/V3/Yamato-SaaS/node_modules/@sentry/core/build/types/fetch.d.ts
D:/saas/AgentCoding/V3/Yamato-SaaS/node_modules/@sentry/core/build/types/trpc.d.ts
D:/saas/AgentCoding/V3/Yamato-SaaS/node_modules/@sentry/core/build/types/feedback.d.ts
D:/saas/AgentCoding/V3/Yamato-SaaS/node_modules/@sentry/core/build/types/getCurrentHubShim.d.ts
D:/saas/AgentCoding/V3/Yamato-SaaS/node_modules/@sentry/core/build/types/utils-hoist/aggregate-errors.d.ts
D:/saas/AgentCoding/V3/Yamato-SaaS/node_modules/@sentry/core/build/types/utils-hoist/array.d.ts
D:/saas/AgentCoding/V3/Yamato-SaaS/node_modules/@sentry/core/build/types/utils-hoist/breadcrumb-log-level.d.ts
D:/saas/AgentCoding/V3/Yamato-SaaS/node_modules/@sentry/core/build/types/utils-hoist/browser.d.ts
D:/saas/AgentCoding/V3/Yamato-SaaS/node_modules/@sentry/core/build/types/utils-hoist/dsn.d.ts
D:/saas/AgentCoding/V3/Yamato-SaaS/node_modules/@sentry/core/build/types/utils-hoist/error.d.ts
D:/saas/AgentCoding/V3/Yamato-SaaS/node_modules/@sentry/core/build/types/utils-hoist/env.d.ts
D:/saas/AgentCoding/V3/Yamato-SaaS/node_modules/@sentry/core/build/types/utils-hoist/logger.d.ts
D:/saas/AgentCoding/V3/Yamato-SaaS/node_modules/@sentry/core/build/types/utils-hoist/worldwide.d.ts
D:/saas/AgentCoding/V3/Yamato-SaaS/node_modules/@sentry/core/build/types/utils-hoist/instrument/console.d.ts
D:/saas/AgentCoding/V3/Yamato-SaaS/node_modules/@sentry/core/build/types/utils-hoist/instrument/fetch.d.ts
D:/saas/AgentCoding/V3/Yamato-SaaS/node_modules/@sentry/core/build/types/utils-hoist/instrument/globalError.d.ts
D:/saas/AgentCoding/V3/Yamato-SaaS/node_modules/@sentry/core/build/types/utils-hoist/instrument/globalUnhandledRejection.d.ts
D:/saas/AgentCoding/V3/Yamato-SaaS/node_modules/@sentry/core/build/types/utils-hoist/instrument/handlers.d.ts
D:/saas/AgentCoding/V3/Yamato-SaaS/node_modules/@sentry/core/build/types/utils-hoist/is.d.ts
D:/saas/AgentCoding/V3/Yamato-SaaS/node_modules/@sentry/core/build/types/utils-hoist/isBrowser.d.ts
D:/saas/AgentCoding/V3/Yamato-SaaS/node_modules/@sentry/core/build/types/utils-hoist/memo.d.ts
D:/saas/AgentCoding/V3/Yamato-SaaS/node_modules/@sentry/core/build/types/utils-hoist/misc.d.ts
D:/saas/AgentCoding/V3/Yamato-SaaS/node_modules/@sentry/core/build/types/utils-hoist/node.d.ts
D:/saas/AgentCoding/V3/Yamato-SaaS/node_modules/@sentry/core/build/types/utils-hoist/normalize.d.ts
D:/saas/AgentCoding/V3/Yamato-SaaS/node_modules/@sentry/core/build/types/utils-hoist/object.d.ts
D:/saas/AgentCoding/V3/Yamato-SaaS/node_modules/@sentry/core/build/types/utils-hoist/path.d.ts
D:/saas/AgentCoding/V3/Yamato-SaaS/node_modules/@sentry/core/build/types/utils-hoist/requestdata.d.ts
D:/saas/AgentCoding/V3/Yamato-SaaS/node_modules/@sentry/core/build/types/utils-hoist/severity.d.ts
D:/saas/AgentCoding/V3/Yamato-SaaS/node_modules/@sentry/core/build/types/utils-hoist/stacktrace.d.ts
D:/saas/AgentCoding/V3/Yamato-SaaS/node_modules/@sentry/core/build/types/utils-hoist/node-stack-trace.d.ts
D:/saas/AgentCoding/V3/Yamato-SaaS/node_modules/@sentry/core/build/types/utils-hoist/vendor/escapeStringForRegex.d.ts
D:/saas/AgentCoding/V3/Yamato-SaaS/node_modules/@sentry/core/build/types/utils-hoist/string.d.ts
D:/saas/AgentCoding/V3/Yamato-SaaS/node_modules/@sentry/core/build/types/utils-hoist/vendor/supportsHistory.d.ts
D:/saas/AgentCoding/V3/Yamato-SaaS/node_modules/@sentry/core/build/types/utils-hoist/supports.d.ts
D:/saas/AgentCoding/V3/Yamato-SaaS/node_modules/@sentry/core/build/types/utils-hoist/syncpromise.d.ts
D:/saas/AgentCoding/V3/Yamato-SaaS/node_modules/@sentry/core/build/types/utils-hoist/time.d.ts
D:/saas/AgentCoding/V3/Yamato-SaaS/node_modules/@sentry/core/build/types/utils-hoist/envelope.d.ts
D:/saas/AgentCoding/V3/Yamato-SaaS/node_modules/@sentry/core/build/types/utils-hoist/clientreport.d.ts
D:/saas/AgentCoding/V3/Yamato-SaaS/node_modules/@sentry/core/build/types/utils-hoist/ratelimit.d.ts
D:/saas/AgentCoding/V3/Yamato-SaaS/node_modules/@sentry/core/build/types/utils-hoist/baggage.d.ts
D:/saas/AgentCoding/V3/Yamato-SaaS/node_modules/@sentry/core/build/types/utils-hoist/url.d.ts
D:/saas/AgentCoding/V3/Yamato-SaaS/node_modules/@sentry/core/build/types/utils-hoist/cache.d.ts
D:/saas/AgentCoding/V3/Yamato-SaaS/node_modules/@sentry/core/build/types/utils-hoist/eventbuilder.d.ts
D:/saas/AgentCoding/V3/Yamato-SaaS/node_modules/@sentry/core/build/types/utils-hoist/anr.d.ts
D:/saas/AgentCoding/V3/Yamato-SaaS/node_modules/@sentry/core/build/types/utils-hoist/lru.d.ts
D:/saas/AgentCoding/V3/Yamato-SaaS/node_modules/@sentry/core/build/types/utils-hoist/propagationContext.d.ts
D:/saas/AgentCoding/V3/Yamato-SaaS/node_modules/@sentry/core/build/types/utils-hoist/vercelWaitUntil.d.ts
D:/saas/AgentCoding/V3/Yamato-SaaS/node_modules/@sentry/core/build/types/utils-hoist/version.d.ts
D:/saas/AgentCoding/V3/Yamato-SaaS/node_modules/@sentry/core/build/types/utils-hoist/debug-ids.d.ts
D:/saas/AgentCoding/V3/Yamato-SaaS/node_modules/@sentry/core/build/types/utils-hoist/buildPolyfills/_asyncNullishCoalesce.d.ts
D:/saas/AgentCoding/V3/Yamato-SaaS/node_modules/@sentry/core/build/types/utils-hoist/buildPolyfills/_asyncOptionalChain.d.ts
D:/saas/AgentCoding/V3/Yamato-SaaS/node_modules/@sentry/core/build/types/utils-hoist/buildPolyfills/_asyncOptionalChainDelete.d.ts
D:/saas/AgentCoding/V3/Yamato-SaaS/node_modules/@sentry/core/build/types/utils-hoist/buildPolyfills/_nullishCoalesce.d.ts
D:/saas/AgentCoding/V3/Yamato-SaaS/node_modules/@sentry/core/build/types/utils-hoist/buildPolyfills/_optionalChain.d.ts
D:/saas/AgentCoding/V3/Yamato-SaaS/node_modules/@sentry/core/build/types/utils-hoist/buildPolyfills/_optionalChainDelete.d.ts
D:/saas/AgentCoding/V3/Yamato-SaaS/node_modules/@sentry/core/build/types/utils-hoist/index.d.ts
D:/saas/AgentCoding/V3/Yamato-SaaS/node_modules/@sentry/core/build/types/index.d.ts
D:/saas/AgentCoding/V3/Yamato-SaaS/node_modules/rollup/dist/rollup.d.ts
D:/saas/AgentCoding/V3/Yamato-SaaS/node_modules/@types/estree/index.d.ts
D:/saas/AgentCoding/V3/Yamato-SaaS/node_modules/@types/json-schema/index.d.ts
D:/saas/AgentCoding/V3/Yamato-SaaS/node_modules/@types/eslint/use-at-your-own-risk.d.ts
D:/saas/AgentCoding/V3/Yamato-SaaS/node_modules/@types/eslint/index.d.ts
D:/saas/AgentCoding/V3/Yamato-SaaS/node_modules/@types/eslint-scope/index.d.ts
D:/saas/AgentCoding/V3/Yamato-SaaS/node_modules/schema-utils/declarations/ValidationError.d.ts
D:/saas/AgentCoding/V3/Yamato-SaaS/node_modules/fast-uri/types/index.d.ts
D:/saas/AgentCoding/V3/Yamato-SaaS/node_modules/ajv/dist/compile/codegen/code.d.ts
D:/saas/AgentCoding/V3/Yamato-SaaS/node_modules/ajv/dist/compile/codegen/scope.d.ts
D:/saas/AgentCoding/V3/Yamato-SaaS/node_modules/ajv/dist/compile/codegen/index.d.ts
D:/saas/AgentCoding/V3/Yamato-SaaS/node_modules/ajv/dist/compile/rules.d.ts
D:/saas/AgentCoding/V3/Yamato-SaaS/node_modules/ajv/dist/compile/util.d.ts
D:/saas/AgentCoding/V3/Yamato-SaaS/node_modules/ajv/dist/compile/validate/subschema.d.ts
D:/saas/AgentCoding/V3/Yamato-SaaS/node_modules/ajv/dist/compile/errors.d.ts
D:/saas/AgentCoding/V3/Yamato-SaaS/node_modules/ajv/dist/compile/validate/index.d.ts
D:/saas/AgentCoding/V3/Yamato-SaaS/node_modules/ajv/dist/compile/validate/dataType.d.ts
D:/saas/AgentCoding/V3/Yamato-SaaS/node_modules/ajv/dist/vocabularies/applicator/additionalItems.d.ts
D:/saas/AgentCoding/V3/Yamato-SaaS/node_modules/ajv/dist/vocabularies/applicator/items2020.d.ts
D:/saas/AgentCoding/V3/Yamato-SaaS/node_modules/ajv/dist/vocabularies/applicator/contains.d.ts
D:/saas/AgentCoding/V3/Yamato-SaaS/node_modules/ajv/dist/vocabularies/applicator/dependencies.d.ts
D:/saas/AgentCoding/V3/Yamato-SaaS/node_modules/ajv/dist/vocabularies/applicator/propertyNames.d.ts
D:/saas/AgentCoding/V3/Yamato-SaaS/node_modules/ajv/dist/vocabularies/applicator/additionalProperties.d.ts
D:/saas/AgentCoding/V3/Yamato-SaaS/node_modules/ajv/dist/vocabularies/applicator/not.d.ts
D:/saas/AgentCoding/V3/Yamato-SaaS/node_modules/ajv/dist/vocabularies/applicator/anyOf.d.ts
D:/saas/AgentCoding/V3/Yamato-SaaS/node_modules/ajv/dist/vocabularies/applicator/oneOf.d.ts
D:/saas/AgentCoding/V3/Yamato-SaaS/node_modules/ajv/dist/vocabularies/applicator/if.d.ts
D:/saas/AgentCoding/V3/Yamato-SaaS/node_modules/ajv/dist/vocabularies/applicator/index.d.ts
D:/saas/AgentCoding/V3/Yamato-SaaS/node_modules/ajv/dist/vocabularies/validation/limitNumber.d.ts
D:/saas/AgentCoding/V3/Yamato-SaaS/node_modules/ajv/dist/vocabularies/validation/multipleOf.d.ts
D:/saas/AgentCoding/V3/Yamato-SaaS/node_modules/ajv/dist/vocabularies/validation/pattern.d.ts
D:/saas/AgentCoding/V3/Yamato-SaaS/node_modules/ajv/dist/vocabularies/validation/required.d.ts
D:/saas/AgentCoding/V3/Yamato-SaaS/node_modules/ajv/dist/vocabularies/validation/uniqueItems.d.ts
D:/saas/AgentCoding/V3/Yamato-SaaS/node_modules/ajv/dist/vocabularies/validation/const.d.ts
D:/saas/AgentCoding/V3/Yamato-SaaS/node_modules/ajv/dist/vocabularies/validation/enum.d.ts
D:/saas/AgentCoding/V3/Yamato-SaaS/node_modules/ajv/dist/vocabularies/validation/index.d.ts
D:/saas/AgentCoding/V3/Yamato-SaaS/node_modules/ajv/dist/vocabularies/format/format.d.ts
D:/saas/AgentCoding/V3/Yamato-SaaS/node_modules/ajv/dist/vocabularies/unevaluated/unevaluatedProperties.d.ts
D:/saas/AgentCoding/V3/Yamato-SaaS/node_modules/ajv/dist/vocabularies/unevaluated/unevaluatedItems.d.ts
D:/saas/AgentCoding/V3/Yamato-SaaS/node_modules/ajv/dist/vocabularies/validation/dependentRequired.d.ts
D:/saas/AgentCoding/V3/Yamato-SaaS/node_modules/ajv/dist/vocabularies/discriminator/types.d.ts
D:/saas/AgentCoding/V3/Yamato-SaaS/node_modules/ajv/dist/vocabularies/discriminator/index.d.ts
D:/saas/AgentCoding/V3/Yamato-SaaS/node_modules/ajv/dist/vocabularies/errors.d.ts
D:/saas/AgentCoding/V3/Yamato-SaaS/node_modules/ajv/dist/types/json-schema.d.ts
D:/saas/AgentCoding/V3/Yamato-SaaS/node_modules/ajv/dist/types/jtd-schema.d.ts
D:/saas/AgentCoding/V3/Yamato-SaaS/node_modules/ajv/dist/runtime/validation_error.d.ts
D:/saas/AgentCoding/V3/Yamato-SaaS/node_modules/ajv/dist/compile/ref_error.d.ts
D:/saas/AgentCoding/V3/Yamato-SaaS/node_modules/ajv/dist/core.d.ts
D:/saas/AgentCoding/V3/Yamato-SaaS/node_modules/ajv/dist/compile/resolve.d.ts
D:/saas/AgentCoding/V3/Yamato-SaaS/node_modules/ajv/dist/compile/index.d.ts
D:/saas/AgentCoding/V3/Yamato-SaaS/node_modules/ajv/dist/types/index.d.ts
D:/saas/AgentCoding/V3/Yamato-SaaS/node_modules/ajv/dist/ajv.d.ts
D:/saas/AgentCoding/V3/Yamato-SaaS/node_modules/schema-utils/declarations/validate.d.ts
D:/saas/AgentCoding/V3/Yamato-SaaS/node_modules/schema-utils/declarations/index.d.ts
D:/saas/AgentCoding/V3/Yamato-SaaS/node_modules/tapable/tapable.d.ts
D:/saas/AgentCoding/V3/Yamato-SaaS/node_modules/webpack/types.d.ts
D:/saas/AgentCoding/V3/Yamato-SaaS/node_modules/vite/node_modules/rollup/dist/rollup.d.ts
D:/saas/AgentCoding/V3/Yamato-SaaS/node_modules/vite/node_modules/rollup/dist/parseAst.d.ts
D:/saas/AgentCoding/V3/Yamato-SaaS/node_modules/vite/types/hmrPayload.d.ts
D:/saas/AgentCoding/V3/Yamato-SaaS/node_modules/vite/types/customEvent.d.ts
D:/saas/AgentCoding/V3/Yamato-SaaS/node_modules/vite/types/hot.d.ts
D:/saas/AgentCoding/V3/Yamato-SaaS/node_modules/vite/dist/node/types.d-aGj9QkWt.d.ts
D:/saas/AgentCoding/V3/Yamato-SaaS/node_modules/vite/node_modules/esbuild/lib/main.d.ts
D:/saas/AgentCoding/V3/Yamato-SaaS/node_modules/source-map-js/source-map.d.ts
D:/saas/AgentCoding/V3/Yamato-SaaS/node_modules/postcss/lib/previous-map.d.ts
D:/saas/AgentCoding/V3/Yamato-SaaS/node_modules/postcss/lib/input.d.ts
D:/saas/AgentCoding/V3/Yamato-SaaS/node_modules/postcss/lib/css-syntax-error.d.ts
D:/saas/AgentCoding/V3/Yamato-SaaS/node_modules/postcss/lib/declaration.d.ts
D:/saas/AgentCoding/V3/Yamato-SaaS/node_modules/postcss/lib/root.d.ts
D:/saas/AgentCoding/V3/Yamato-SaaS/node_modules/postcss/lib/warning.d.ts
D:/saas/AgentCoding/V3/Yamato-SaaS/node_modules/postcss/lib/lazy-result.d.ts
D:/saas/AgentCoding/V3/Yamato-SaaS/node_modules/postcss/lib/no-work-result.d.ts
D:/saas/AgentCoding/V3/Yamato-SaaS/node_modules/postcss/lib/processor.d.ts
D:/saas/AgentCoding/V3/Yamato-SaaS/node_modules/postcss/lib/result.d.ts
D:/saas/AgentCoding/V3/Yamato-SaaS/node_modules/postcss/lib/document.d.ts
D:/saas/AgentCoding/V3/Yamato-SaaS/node_modules/postcss/lib/rule.d.ts
D:/saas/AgentCoding/V3/Yamato-SaaS/node_modules/postcss/lib/node.d.ts
D:/saas/AgentCoding/V3/Yamato-SaaS/node_modules/postcss/lib/comment.d.ts
D:/saas/AgentCoding/V3/Yamato-SaaS/node_modules/postcss/lib/container.d.ts
D:/saas/AgentCoding/V3/Yamato-SaaS/node_modules/postcss/lib/at-rule.d.ts
D:/saas/AgentCoding/V3/Yamato-SaaS/node_modules/postcss/lib/list.d.ts
D:/saas/AgentCoding/V3/Yamato-SaaS/node_modules/postcss/lib/postcss.d.ts
D:/saas/AgentCoding/V3/Yamato-SaaS/node_modules/postcss/lib/postcss.d.mts
D:/saas/AgentCoding/V3/Yamato-SaaS/node_modules/vite/dist/node/runtime.d.ts
D:/saas/AgentCoding/V3/Yamato-SaaS/node_modules/vite/types/importGlob.d.ts
D:/saas/AgentCoding/V3/Yamato-SaaS/node_modules/vite/types/metadata.d.ts
D:/saas/AgentCoding/V3/Yamato-SaaS/node_modules/vite/dist/node/index.d.ts
D:/saas/AgentCoding/V3/Yamato-SaaS/node_modules/esbuild/lib/main.d.ts
D:/saas/AgentCoding/V3/Yamato-SaaS/node_modules/@sentry/nextjs/node_modules/webpack-virtual-modules/lib/index.d.ts
D:/saas/AgentCoding/V3/Yamato-SaaS/node_modules/@sentry/nextjs/node_modules/unplugin/dist/index.d.ts
D:/saas/AgentCoding/V3/Yamato-SaaS/node_modules/@sentry/nextjs/node_modules/@sentry/bundler-plugin-core/dist/types/sentry/logger.d.ts
D:/saas/AgentCoding/V3/Yamato-SaaS/node_modules/@sentry/nextjs/node_modules/@sentry/bundler-plugin-core/dist/types/types.d.ts
D:/saas/AgentCoding/V3/Yamato-SaaS/node_modules/@sentry/nextjs/node_modules/magic-string/dist/magic-string.es.d.mts
D:/saas/AgentCoding/V3/Yamato-SaaS/node_modules/@sentry/nextjs/node_modules/@sentry/bundler-plugin-core/dist/types/utils.d.ts
D:/saas/AgentCoding/V3/Yamato-SaaS/node_modules/@sentry/nextjs/node_modules/@sentry/bundler-plugin-core/dist/types/index.d.ts
D:/saas/AgentCoding/V3/Yamato-SaaS/node_modules/@sentry/nextjs/node_modules/@sentry/webpack-plugin/dist/types/index.d.ts
D:/saas/AgentCoding/V3/Yamato-SaaS/node_modules/@sentry/nextjs/build/types/config/types.d.ts
D:/saas/AgentCoding/V3/Yamato-SaaS/node_modules/@sentry/nextjs/build/types/config/withSentryConfig.d.ts
D:/saas/AgentCoding/V3/Yamato-SaaS/node_modules/@sentry/nextjs/build/types/config/index.d.ts
D:/saas/AgentCoding/V3/Yamato-SaaS/node_modules/@sentry/react/node_modules/@sentry/browser/build/npm/types/transports/types.d.ts
D:/saas/AgentCoding/V3/Yamato-SaaS/node_modules/@sentry/react/node_modules/@sentry/browser/build/npm/types/client.d.ts
D:/saas/AgentCoding/V3/Yamato-SaaS/node_modules/@sentry/react/node_modules/@sentry/browser/build/npm/types/sdk.d.ts
D:/saas/AgentCoding/V3/Yamato-SaaS/node_modules/@sentry/react/node_modules/@sentry/browser/build/npm/types/helpers.d.ts
D:/saas/AgentCoding/V3/Yamato-SaaS/node_modules/@sentry/react/node_modules/@sentry/browser/build/npm/types/transports/fetch.d.ts
D:/saas/AgentCoding/V3/Yamato-SaaS/node_modules/@sentry/react/node_modules/@sentry/browser/build/npm/types/stack-parsers.d.ts
D:/saas/AgentCoding/V3/Yamato-SaaS/node_modules/@sentry/react/node_modules/@sentry/browser/build/npm/types/eventbuilder.d.ts
D:/saas/AgentCoding/V3/Yamato-SaaS/node_modules/@sentry/react/node_modules/@sentry/browser/build/npm/types/userfeedback.d.ts
D:/saas/AgentCoding/V3/Yamato-SaaS/node_modules/@sentry/react/node_modules/@sentry/browser/build/npm/types/integrations/breadcrumbs.d.ts
D:/saas/AgentCoding/V3/Yamato-SaaS/node_modules/@sentry/react/node_modules/@sentry/browser/build/npm/types/integrations/globalhandlers.d.ts
D:/saas/AgentCoding/V3/Yamato-SaaS/node_modules/@sentry/react/node_modules/@sentry/browser/build/npm/types/integrations/httpcontext.d.ts
D:/saas/AgentCoding/V3/Yamato-SaaS/node_modules/@sentry/react/node_modules/@sentry/browser/build/npm/types/integrations/linkederrors.d.ts
D:/saas/AgentCoding/V3/Yamato-SaaS/node_modules/@sentry/react/node_modules/@sentry/browser/build/npm/types/integrations/browserapierrors.d.ts
D:/saas/AgentCoding/V3/Yamato-SaaS/node_modules/@sentry/react/node_modules/@sentry/browser/build/npm/types/utils/lazyLoadIntegration.d.ts
D:/saas/AgentCoding/V3/Yamato-SaaS/node_modules/@sentry/react/node_modules/@sentry/browser/build/npm/types/exports.d.ts
D:/saas/AgentCoding/V3/Yamato-SaaS/node_modules/@sentry/react/node_modules/@sentry/browser/build/npm/types/integrations/reportingobserver.d.ts
D:/saas/AgentCoding/V3/Yamato-SaaS/node_modules/@sentry/react/node_modules/@sentry/browser/build/npm/types/integrations/httpclient.d.ts
D:/saas/AgentCoding/V3/Yamato-SaaS/node_modules/@sentry/react/node_modules/@sentry/browser/build/npm/types/integrations/contextlines.d.ts
D:/saas/AgentCoding/V3/Yamato-SaaS/node_modules/@sentry/react/node_modules/@sentry-internal/replay/build/npm/types/types/request.d.ts
D:/saas/AgentCoding/V3/Yamato-SaaS/node_modules/@sentry/react/node_modules/@sentry-internal/replay/build/npm/types/types/performance.d.ts
D:/saas/AgentCoding/V3/Yamato-SaaS/node_modules/@sentry/react/node_modules/@sentry-internal/replay/build/npm/types/util/throttle.d.ts
D:/saas/AgentCoding/V3/Yamato-SaaS/node_modules/@sentry/react/node_modules/@sentry-internal/replay/build/npm/types/types/rrweb.d.ts
D:/saas/AgentCoding/V3/Yamato-SaaS/node_modules/@sentry/react/node_modules/@sentry-internal/replay/build/npm/types/types/replayFrame.d.ts
D:/saas/AgentCoding/V3/Yamato-SaaS/node_modules/@sentry/react/node_modules/@sentry-internal/replay/build/npm/types/types/replay.d.ts
D:/saas/AgentCoding/V3/Yamato-SaaS/node_modules/@sentry/react/node_modules/@sentry-internal/replay/build/npm/types/types/index.d.ts
D:/saas/AgentCoding/V3/Yamato-SaaS/node_modules/@sentry/react/node_modules/@sentry-internal/replay/build/npm/types/integration.d.ts
D:/saas/AgentCoding/V3/Yamato-SaaS/node_modules/@sentry/react/node_modules/@sentry-internal/replay/build/npm/types/util/getReplay.d.ts
D:/saas/AgentCoding/V3/Yamato-SaaS/node_modules/@sentry/react/node_modules/@sentry-internal/replay/build/npm/types/index.d.ts
D:/saas/AgentCoding/V3/Yamato-SaaS/node_modules/@sentry/react/node_modules/@sentry-internal/replay-canvas/build/npm/types/canvas.d.ts
D:/saas/AgentCoding/V3/Yamato-SaaS/node_modules/@sentry/react/node_modules/@sentry-internal/replay-canvas/build/npm/types/index.d.ts
D:/saas/AgentCoding/V3/Yamato-SaaS/node_modules/@sentry/react/node_modules/@sentry/browser/build/npm/types/feedbackAsync.d.ts
D:/saas/AgentCoding/V3/Yamato-SaaS/node_modules/@sentry/react/node_modules/@sentry/browser/build/npm/types/feedbackSync.d.ts
D:/saas/AgentCoding/V3/Yamato-SaaS/node_modules/@sentry/react/node_modules/@sentry-internal/feedback/build/npm/types/core/sendFeedback.d.ts
D:/saas/AgentCoding/V3/Yamato-SaaS/node_modules/@sentry/react/node_modules/@sentry-internal/feedback/build/npm/types/core/components/Actor.d.ts
D:/saas/AgentCoding/V3/Yamato-SaaS/node_modules/@sentry/react/node_modules/@sentry-internal/feedback/build/npm/types/core/types.d.ts
D:/saas/AgentCoding/V3/Yamato-SaaS/node_modules/@sentry/react/node_modules/@sentry-internal/feedback/build/npm/types/core/integration.d.ts
D:/saas/AgentCoding/V3/Yamato-SaaS/node_modules/@sentry/react/node_modules/@sentry-internal/feedback/build/npm/types/core/getFeedback.d.ts
D:/saas/AgentCoding/V3/Yamato-SaaS/node_modules/@sentry/react/node_modules/@sentry-internal/feedback/build/npm/types/modal/integration.d.ts
D:/saas/AgentCoding/V3/Yamato-SaaS/node_modules/@sentry/react/node_modules/@sentry-internal/feedback/build/npm/types/screenshot/integration.d.ts
D:/saas/AgentCoding/V3/Yamato-SaaS/node_modules/@sentry/react/node_modules/@sentry-internal/feedback/build/npm/types/index.d.ts
D:/saas/AgentCoding/V3/Yamato-SaaS/node_modules/@sentry/react/node_modules/@sentry/browser/build/npm/types/metrics.d.ts
D:/saas/AgentCoding/V3/Yamato-SaaS/node_modules/@sentry/react/node_modules/@sentry/browser/build/npm/types/tracing/request.d.ts
D:/saas/AgentCoding/V3/Yamato-SaaS/node_modules/@sentry/react/node_modules/@sentry/browser/build/npm/types/tracing/browserTracingIntegration.d.ts
D:/saas/AgentCoding/V3/Yamato-SaaS/node_modules/@sentry/react/node_modules/@sentry/browser/build/npm/types/transports/offline.d.ts
D:/saas/AgentCoding/V3/Yamato-SaaS/node_modules/@sentry/react/node_modules/@sentry/browser/build/npm/types/profiling/integration.d.ts
D:/saas/AgentCoding/V3/Yamato-SaaS/node_modules/@sentry/react/node_modules/@sentry/browser/build/npm/types/integrations/spotlight.d.ts
D:/saas/AgentCoding/V3/Yamato-SaaS/node_modules/@sentry/react/node_modules/@sentry/browser/build/npm/types/integrations/browsersession.d.ts
D:/saas/AgentCoding/V3/Yamato-SaaS/node_modules/@sentry/react/node_modules/@sentry/browser/build/npm/types/integrations/featureFlags/featureFlagsIntegration.d.ts
D:/saas/AgentCoding/V3/Yamato-SaaS/node_modules/@sentry/react/node_modules/@sentry/browser/build/npm/types/integrations/featureFlags/index.d.ts
D:/saas/AgentCoding/V3/Yamato-SaaS/node_modules/@sentry/react/node_modules/@sentry/browser/build/npm/types/integrations/featureFlags/launchdarkly/types.d.ts
D:/saas/AgentCoding/V3/Yamato-SaaS/node_modules/@sentry/react/node_modules/@sentry/browser/build/npm/types/integrations/featureFlags/launchdarkly/integration.d.ts
D:/saas/AgentCoding/V3/Yamato-SaaS/node_modules/@sentry/react/node_modules/@sentry/browser/build/npm/types/integrations/featureFlags/launchdarkly/index.d.ts
D:/saas/AgentCoding/V3/Yamato-SaaS/node_modules/@sentry/react/node_modules/@sentry/browser/build/npm/types/integrations/featureFlags/openfeature/types.d.ts
D:/saas/AgentCoding/V3/Yamato-SaaS/node_modules/@sentry/react/node_modules/@sentry/browser/build/npm/types/integrations/featureFlags/openfeature/integration.d.ts
D:/saas/AgentCoding/V3/Yamato-SaaS/node_modules/@sentry/react/node_modules/@sentry/browser/build/npm/types/integrations/featureFlags/openfeature/index.d.ts
D:/saas/AgentCoding/V3/Yamato-SaaS/node_modules/@sentry/react/node_modules/@sentry/browser/build/npm/types/integrations/featureFlags/unleash/types.d.ts
D:/saas/AgentCoding/V3/Yamato-SaaS/node_modules/@sentry/react/node_modules/@sentry/browser/build/npm/types/integrations/featureFlags/unleash/integration.d.ts
D:/saas/AgentCoding/V3/Yamato-SaaS/node_modules/@sentry/react/node_modules/@sentry/browser/build/npm/types/integrations/featureFlags/unleash/index.d.ts
D:/saas/AgentCoding/V3/Yamato-SaaS/node_modules/@sentry/react/node_modules/@sentry/browser/build/npm/types/integrations/featureFlags/statsig/types.d.ts
D:/saas/AgentCoding/V3/Yamato-SaaS/node_modules/@sentry/react/node_modules/@sentry/browser/build/npm/types/integrations/featureFlags/statsig/integration.d.ts
D:/saas/AgentCoding/V3/Yamato-SaaS/node_modules/@sentry/react/node_modules/@sentry/browser/build/npm/types/integrations/featureFlags/statsig/index.d.ts
D:/saas/AgentCoding/V3/Yamato-SaaS/node_modules/@sentry/react/node_modules/@sentry/browser/build/npm/types/index.d.ts
D:/saas/AgentCoding/V3/Yamato-SaaS/node_modules/@sentry/react/build/types/sdk.d.ts
D:/saas/AgentCoding/V3/Yamato-SaaS/node_modules/@sentry/react/build/types/error.d.ts
D:/saas/AgentCoding/V3/Yamato-SaaS/node_modules/@sentry/react/build/types/profiler.d.ts
D:/saas/AgentCoding/V3/Yamato-SaaS/node_modules/@sentry/react/build/types/errorboundary.d.ts
D:/saas/AgentCoding/V3/Yamato-SaaS/node_modules/@sentry/react/build/types/redux.d.ts
D:/saas/AgentCoding/V3/Yamato-SaaS/node_modules/@sentry/react/build/types/types.d.ts
D:/saas/AgentCoding/V3/Yamato-SaaS/node_modules/@sentry/react/build/types/reactrouterv3.d.ts
D:/saas/AgentCoding/V3/Yamato-SaaS/node_modules/@sentry/react/build/types/tanstackrouter.d.ts
D:/saas/AgentCoding/V3/Yamato-SaaS/node_modules/@sentry/react/build/types/reactrouter.d.ts
D:/saas/AgentCoding/V3/Yamato-SaaS/node_modules/@sentry/react/build/types/reactrouterv6-compat-utils.d.ts
D:/saas/AgentCoding/V3/Yamato-SaaS/node_modules/@sentry/react/build/types/reactrouterv6.d.ts
D:/saas/AgentCoding/V3/Yamato-SaaS/node_modules/@sentry/react/build/types/reactrouterv7.d.ts
D:/saas/AgentCoding/V3/Yamato-SaaS/node_modules/@sentry/react/build/types/index.d.ts
D:/saas/AgentCoding/V3/Yamato-SaaS/node_modules/@sentry/nextjs/build/types/common/pages-router-instrumentation/wrapGetStaticPropsWithSentry.d.ts
D:/saas/AgentCoding/V3/Yamato-SaaS/node_modules/@sentry/nextjs/build/types/common/pages-router-instrumentation/wrapGetInitialPropsWithSentry.d.ts
D:/saas/AgentCoding/V3/Yamato-SaaS/node_modules/@sentry/nextjs/build/types/common/pages-router-instrumentation/wrapAppGetInitialPropsWithSentry.d.ts
D:/saas/AgentCoding/V3/Yamato-SaaS/node_modules/@sentry/nextjs/build/types/common/pages-router-instrumentation/wrapDocumentGetInitialPropsWithSentry.d.ts
D:/saas/AgentCoding/V3/Yamato-SaaS/node_modules/@sentry/nextjs/build/types/common/pages-router-instrumentation/wrapErrorGetInitialPropsWithSentry.d.ts
D:/saas/AgentCoding/V3/Yamato-SaaS/node_modules/@sentry/nextjs/build/types/common/pages-router-instrumentation/wrapGetServerSidePropsWithSentry.d.ts
D:/saas/AgentCoding/V3/Yamato-SaaS/node_modules/@sentry/nextjs/build/types/config/templates/requestAsyncStorageShim.d.ts
D:/saas/AgentCoding/V3/Yamato-SaaS/node_modules/@sentry/nextjs/build/types/common/types.d.ts
D:/saas/AgentCoding/V3/Yamato-SaaS/node_modules/@sentry/nextjs/build/types/common/wrapServerComponentWithSentry.d.ts
D:/saas/AgentCoding/V3/Yamato-SaaS/node_modules/@sentry/nextjs/build/types/common/wrapRouteHandlerWithSentry.d.ts
D:/saas/AgentCoding/V3/Yamato-SaaS/node_modules/@sentry/nextjs/build/types/common/pages-router-instrumentation/wrapApiHandlerWithSentryVercelCrons.d.ts
D:/saas/AgentCoding/V3/Yamato-SaaS/node_modules/@sentry/nextjs/build/types/edge/types.d.ts
D:/saas/AgentCoding/V3/Yamato-SaaS/node_modules/@sentry/nextjs/build/types/common/wrapMiddlewareWithSentry.d.ts
D:/saas/AgentCoding/V3/Yamato-SaaS/node_modules/@sentry/nextjs/build/types/common/pages-router-instrumentation/wrapPageComponentWithSentry.d.ts
D:/saas/AgentCoding/V3/Yamato-SaaS/node_modules/@sentry/nextjs/build/types/common/wrapGenerationFunctionWithSentry.d.ts
D:/saas/AgentCoding/V3/Yamato-SaaS/node_modules/@sentry/nextjs/build/types/common/withServerActionInstrumentation.d.ts
D:/saas/AgentCoding/V3/Yamato-SaaS/node_modules/@sentry/nextjs/build/types/common/captureRequestError.d.ts
D:/saas/AgentCoding/V3/Yamato-SaaS/node_modules/@sentry/nextjs/build/types/common/index.d.ts
D:/saas/AgentCoding/V3/Yamato-SaaS/node_modules/@sentry/nextjs/build/types/common/pages-router-instrumentation/_error.d.ts
D:/saas/AgentCoding/V3/Yamato-SaaS/node_modules/@sentry/nextjs/build/types/client/browserTracingIntegration.d.ts
D:/saas/AgentCoding/V3/Yamato-SaaS/node_modules/@sentry/nextjs/build/types/client/index.d.ts
D:/saas/AgentCoding/V3/Yamato-SaaS/node_modules/@opentelemetry/api/build/src/baggage/internal/symbol.d.ts
D:/saas/AgentCoding/V3/Yamato-SaaS/node_modules/@opentelemetry/api/build/src/baggage/types.d.ts
D:/saas/AgentCoding/V3/Yamato-SaaS/node_modules/@opentelemetry/api/build/src/baggage/utils.d.ts
D:/saas/AgentCoding/V3/Yamato-SaaS/node_modules/@opentelemetry/api/build/src/common/Exception.d.ts
D:/saas/AgentCoding/V3/Yamato-SaaS/node_modules/@opentelemetry/api/build/src/common/Time.d.ts
D:/saas/AgentCoding/V3/Yamato-SaaS/node_modules/@opentelemetry/api/build/src/common/Attributes.d.ts
D:/saas/AgentCoding/V3/Yamato-SaaS/node_modules/@opentelemetry/api/build/src/context/types.d.ts
D:/saas/AgentCoding/V3/Yamato-SaaS/node_modules/@opentelemetry/api/build/src/context/context.d.ts
D:/saas/AgentCoding/V3/Yamato-SaaS/node_modules/@opentelemetry/api/build/src/api/context.d.ts
D:/saas/AgentCoding/V3/Yamato-SaaS/node_modules/@opentelemetry/api/build/src/diag/types.d.ts
D:/saas/AgentCoding/V3/Yamato-SaaS/node_modules/@opentelemetry/api/build/src/diag/consoleLogger.d.ts
D:/saas/AgentCoding/V3/Yamato-SaaS/node_modules/@opentelemetry/api/build/src/api/diag.d.ts
D:/saas/AgentCoding/V3/Yamato-SaaS/node_modules/@opentelemetry/api/build/src/metrics/ObservableResult.d.ts
D:/saas/AgentCoding/V3/Yamato-SaaS/node_modules/@opentelemetry/api/build/src/metrics/Metric.d.ts
D:/saas/AgentCoding/V3/Yamato-SaaS/node_modules/@opentelemetry/api/build/src/metrics/Meter.d.ts
D:/saas/AgentCoding/V3/Yamato-SaaS/node_modules/@opentelemetry/api/build/src/metrics/NoopMeter.d.ts
D:/saas/AgentCoding/V3/Yamato-SaaS/node_modules/@opentelemetry/api/build/src/metrics/MeterProvider.d.ts
D:/saas/AgentCoding/V3/Yamato-SaaS/node_modules/@opentelemetry/api/build/src/api/metrics.d.ts
D:/saas/AgentCoding/V3/Yamato-SaaS/node_modules/@opentelemetry/api/build/src/propagation/TextMapPropagator.d.ts
D:/saas/AgentCoding/V3/Yamato-SaaS/node_modules/@opentelemetry/api/build/src/baggage/context-helpers.d.ts
D:/saas/AgentCoding/V3/Yamato-SaaS/node_modules/@opentelemetry/api/build/src/api/propagation.d.ts
D:/saas/AgentCoding/V3/Yamato-SaaS/node_modules/@opentelemetry/api/build/src/trace/attributes.d.ts
D:/saas/AgentCoding/V3/Yamato-SaaS/node_modules/@opentelemetry/api/build/src/trace/trace_state.d.ts
D:/saas/AgentCoding/V3/Yamato-SaaS/node_modules/@opentelemetry/api/build/src/trace/span_context.d.ts
D:/saas/AgentCoding/V3/Yamato-SaaS/node_modules/@opentelemetry/api/build/src/trace/link.d.ts
D:/saas/AgentCoding/V3/Yamato-SaaS/node_modules/@opentelemetry/api/build/src/trace/status.d.ts
D:/saas/AgentCoding/V3/Yamato-SaaS/node_modules/@opentelemetry/api/build/src/trace/span.d.ts
D:/saas/AgentCoding/V3/Yamato-SaaS/node_modules/@opentelemetry/api/build/src/trace/span_kind.d.ts
D:/saas/AgentCoding/V3/Yamato-SaaS/node_modules/@opentelemetry/api/build/src/trace/SpanOptions.d.ts
D:/saas/AgentCoding/V3/Yamato-SaaS/node_modules/@opentelemetry/api/build/src/trace/tracer.d.ts
D:/saas/AgentCoding/V3/Yamato-SaaS/node_modules/@opentelemetry/api/build/src/trace/tracer_options.d.ts
D:/saas/AgentCoding/V3/Yamato-SaaS/node_modules/@opentelemetry/api/build/src/trace/ProxyTracer.d.ts
D:/saas/AgentCoding/V3/Yamato-SaaS/node_modules/@opentelemetry/api/build/src/trace/tracer_provider.d.ts
D:/saas/AgentCoding/V3/Yamato-SaaS/node_modules/@opentelemetry/api/build/src/trace/ProxyTracerProvider.d.ts
D:/saas/AgentCoding/V3/Yamato-SaaS/node_modules/@opentelemetry/api/build/src/trace/SamplingResult.d.ts
D:/saas/AgentCoding/V3/Yamato-SaaS/node_modules/@opentelemetry/api/build/src/trace/Sampler.d.ts
D:/saas/AgentCoding/V3/Yamato-SaaS/node_modules/@opentelemetry/api/build/src/trace/trace_flags.d.ts
D:/saas/AgentCoding/V3/Yamato-SaaS/node_modules/@opentelemetry/api/build/src/trace/internal/utils.d.ts
D:/saas/AgentCoding/V3/Yamato-SaaS/node_modules/@opentelemetry/api/build/src/trace/spancontext-utils.d.ts
D:/saas/AgentCoding/V3/Yamato-SaaS/node_modules/@opentelemetry/api/build/src/trace/invalid-span-constants.d.ts
D:/saas/AgentCoding/V3/Yamato-SaaS/node_modules/@opentelemetry/api/build/src/trace/context-utils.d.ts
D:/saas/AgentCoding/V3/Yamato-SaaS/node_modules/@opentelemetry/api/build/src/api/trace.d.ts
D:/saas/AgentCoding/V3/Yamato-SaaS/node_modules/@opentelemetry/api/build/src/context-api.d.ts
D:/saas/AgentCoding/V3/Yamato-SaaS/node_modules/@opentelemetry/api/build/src/diag-api.d.ts
D:/saas/AgentCoding/V3/Yamato-SaaS/node_modules/@opentelemetry/api/build/src/metrics-api.d.ts
D:/saas/AgentCoding/V3/Yamato-SaaS/node_modules/@opentelemetry/api/build/src/propagation-api.d.ts
D:/saas/AgentCoding/V3/Yamato-SaaS/node_modules/@opentelemetry/api/build/src/trace-api.d.ts
D:/saas/AgentCoding/V3/Yamato-SaaS/node_modules/@opentelemetry/api/build/src/index.d.ts
D:/saas/AgentCoding/V3/Yamato-SaaS/node_modules/@sentry/node/node_modules/@opentelemetry/instrumentation-http/node_modules/@opentelemetry/api-logs/build/src/types/AnyValue.d.ts
D:/saas/AgentCoding/V3/Yamato-SaaS/node_modules/@sentry/node/node_modules/@opentelemetry/instrumentation-http/node_modules/@opentelemetry/api-logs/build/src/types/LogRecord.d.ts
D:/saas/AgentCoding/V3/Yamato-SaaS/node_modules/@sentry/node/node_modules/@opentelemetry/instrumentation-http/node_modules/@opentelemetry/api-logs/build/src/types/Logger.d.ts
D:/saas/AgentCoding/V3/Yamato-SaaS/node_modules/@sentry/node/node_modules/@opentelemetry/instrumentation-http/node_modules/@opentelemetry/api-logs/build/src/types/LoggerOptions.d.ts
D:/saas/AgentCoding/V3/Yamato-SaaS/node_modules/@sentry/node/node_modules/@opentelemetry/instrumentation-http/node_modules/@opentelemetry/api-logs/build/src/types/LoggerProvider.d.ts
D:/saas/AgentCoding/V3/Yamato-SaaS/node_modules/@sentry/node/node_modules/@opentelemetry/instrumentation-http/node_modules/@opentelemetry/api-logs/build/src/NoopLogger.d.ts
D:/saas/AgentCoding/V3/Yamato-SaaS/node_modules/@sentry/node/node_modules/@opentelemetry/instrumentation-http/node_modules/@opentelemetry/api-logs/build/src/NoopLoggerProvider.d.ts
D:/saas/AgentCoding/V3/Yamato-SaaS/node_modules/@sentry/node/node_modules/@opentelemetry/instrumentation-http/node_modules/@opentelemetry/api-logs/build/src/ProxyLogger.d.ts
D:/saas/AgentCoding/V3/Yamato-SaaS/node_modules/@sentry/node/node_modules/@opentelemetry/instrumentation-http/node_modules/@opentelemetry/api-logs/build/src/ProxyLoggerProvider.d.ts
D:/saas/AgentCoding/V3/Yamato-SaaS/node_modules/@sentry/node/node_modules/@opentelemetry/instrumentation-http/node_modules/@opentelemetry/api-logs/build/src/api/logs.d.ts
D:/saas/AgentCoding/V3/Yamato-SaaS/node_modules/@sentry/node/node_modules/@opentelemetry/instrumentation-http/node_modules/@opentelemetry/api-logs/build/src/index.d.ts
D:/saas/AgentCoding/V3/Yamato-SaaS/node_modules/@sentry/node/node_modules/@opentelemetry/instrumentation-http/node_modules/@opentelemetry/instrumentation/build/src/types.d.ts
D:/saas/AgentCoding/V3/Yamato-SaaS/node_modules/@sentry/node/node_modules/@opentelemetry/instrumentation-http/node_modules/@opentelemetry/instrumentation/build/src/types_internal.d.ts
D:/saas/AgentCoding/V3/Yamato-SaaS/node_modules/@sentry/node/node_modules/@opentelemetry/instrumentation-http/node_modules/@opentelemetry/instrumentation/build/src/autoLoader.d.ts
D:/saas/AgentCoding/V3/Yamato-SaaS/node_modules/@types/shimmer/index.d.ts
D:/saas/AgentCoding/V3/Yamato-SaaS/node_modules/@sentry/node/node_modules/@opentelemetry/instrumentation-http/node_modules/@opentelemetry/instrumentation/build/src/instrumentation.d.ts
D:/saas/AgentCoding/V3/Yamato-SaaS/node_modules/@sentry/node/node_modules/@opentelemetry/instrumentation-http/node_modules/@opentelemetry/instrumentation/build/src/platform/node/instrumentation.d.ts
D:/saas/AgentCoding/V3/Yamato-SaaS/node_modules/@sentry/node/node_modules/@opentelemetry/instrumentation-http/node_modules/@opentelemetry/instrumentation/build/src/platform/node/normalize.d.ts
D:/saas/AgentCoding/V3/Yamato-SaaS/node_modules/@sentry/node/node_modules/@opentelemetry/instrumentation-http/node_modules/@opentelemetry/instrumentation/build/src/platform/node/index.d.ts
D:/saas/AgentCoding/V3/Yamato-SaaS/node_modules/@sentry/node/node_modules/@opentelemetry/instrumentation-http/node_modules/@opentelemetry/instrumentation/build/src/platform/index.d.ts
D:/saas/AgentCoding/V3/Yamato-SaaS/node_modules/@sentry/node/node_modules/@opentelemetry/instrumentation-http/node_modules/@opentelemetry/instrumentation/build/src/instrumentationNodeModuleDefinition.d.ts
D:/saas/AgentCoding/V3/Yamato-SaaS/node_modules/@sentry/node/node_modules/@opentelemetry/instrumentation-http/node_modules/@opentelemetry/instrumentation/build/src/instrumentationNodeModuleFile.d.ts
D:/saas/AgentCoding/V3/Yamato-SaaS/node_modules/@sentry/node/node_modules/@opentelemetry/instrumentation-http/node_modules/@opentelemetry/instrumentation/build/src/utils.d.ts
D:/saas/AgentCoding/V3/Yamato-SaaS/node_modules/@sentry/node/node_modules/@opentelemetry/instrumentation-http/node_modules/@opentelemetry/instrumentation/build/src/index.d.ts
D:/saas/AgentCoding/V3/Yamato-SaaS/node_modules/@sentry/node/node_modules/@opentelemetry/instrumentation-http/build/src/types.d.ts
D:/saas/AgentCoding/V3/Yamato-SaaS/node_modules/@sentry/node/node_modules/@opentelemetry/instrumentation-http/build/src/http.d.ts
D:/saas/AgentCoding/V3/Yamato-SaaS/node_modules/@sentry/node/node_modules/@opentelemetry/instrumentation-http/build/src/index.d.ts
D:/saas/AgentCoding/V3/Yamato-SaaS/node_modules/@sentry/node/build/types/transports/http-module.d.ts
D:/saas/AgentCoding/V3/Yamato-SaaS/node_modules/@sentry/node/build/types/integrations/http/index.d.ts
D:/saas/AgentCoding/V3/Yamato-SaaS/node_modules/@sentry/node/build/types/integrations/node-fetch.d.ts
D:/saas/AgentCoding/V3/Yamato-SaaS/node_modules/@sentry/node/build/types/integrations/fs.d.ts
D:/saas/AgentCoding/V3/Yamato-SaaS/node_modules/@sentry/node/build/types/integrations/console.d.ts
D:/saas/AgentCoding/V3/Yamato-SaaS/node_modules/@sentry/node/build/types/integrations/context.d.ts
D:/saas/AgentCoding/V3/Yamato-SaaS/node_modules/@sentry/node/build/types/integrations/contextlines.d.ts
D:/saas/AgentCoding/V3/Yamato-SaaS/node_modules/@sentry/node/build/types/integrations/local-variables/common.d.ts
D:/saas/AgentCoding/V3/Yamato-SaaS/node_modules/@sentry/node/build/types/integrations/local-variables/index.d.ts
D:/saas/AgentCoding/V3/Yamato-SaaS/node_modules/@sentry/node/build/types/integrations/modules.d.ts
D:/saas/AgentCoding/V3/Yamato-SaaS/node_modules/@sentry/node/node_modules/@opentelemetry/core/build/src/baggage/propagation/W3CBaggagePropagator.d.ts
D:/saas/AgentCoding/V3/Yamato-SaaS/node_modules/@sentry/node/node_modules/@opentelemetry/core/build/src/common/anchored-clock.d.ts
D:/saas/AgentCoding/V3/Yamato-SaaS/node_modules/@sentry/node/node_modules/@opentelemetry/core/build/src/common/attributes.d.ts
D:/saas/AgentCoding/V3/Yamato-SaaS/node_modules/@sentry/node/node_modules/@opentelemetry/core/build/src/common/types.d.ts
D:/saas/AgentCoding/V3/Yamato-SaaS/node_modules/@sentry/node/node_modules/@opentelemetry/core/build/src/common/global-error-handler.d.ts
D:/saas/AgentCoding/V3/Yamato-SaaS/node_modules/@sentry/node/node_modules/@opentelemetry/core/build/src/common/logging-error-handler.d.ts
D:/saas/AgentCoding/V3/Yamato-SaaS/node_modules/@sentry/node/node_modules/@opentelemetry/core/build/src/common/time.d.ts
D:/saas/AgentCoding/V3/Yamato-SaaS/node_modules/@sentry/node/node_modules/@opentelemetry/core/build/src/common/hex-to-binary.d.ts
D:/saas/AgentCoding/V3/Yamato-SaaS/node_modules/@sentry/node/node_modules/@opentelemetry/core/build/src/ExportResult.d.ts
D:/saas/AgentCoding/V3/Yamato-SaaS/node_modules/@sentry/node/node_modules/@opentelemetry/core/build/src/baggage/utils.d.ts
D:/saas/AgentCoding/V3/Yamato-SaaS/node_modules/@sentry/node/node_modules/@opentelemetry/core/build/src/utils/environment.d.ts
D:/saas/AgentCoding/V3/Yamato-SaaS/node_modules/@sentry/node/node_modules/@opentelemetry/core/build/src/platform/node/environment.d.ts
D:/saas/AgentCoding/V3/Yamato-SaaS/node_modules/@sentry/node/node_modules/@opentelemetry/core/build/src/platform/node/globalThis.d.ts
D:/saas/AgentCoding/V3/Yamato-SaaS/node_modules/@sentry/node/node_modules/@opentelemetry/core/build/src/platform/node/hex-to-base64.d.ts
D:/saas/AgentCoding/V3/Yamato-SaaS/node_modules/@sentry/node/node_modules/@opentelemetry/core/build/src/trace/IdGenerator.d.ts
D:/saas/AgentCoding/V3/Yamato-SaaS/node_modules/@sentry/node/node_modules/@opentelemetry/core/build/src/platform/node/RandomIdGenerator.d.ts
D:/saas/AgentCoding/V3/Yamato-SaaS/node_modules/@sentry/node/node_modules/@opentelemetry/core/build/src/platform/node/performance.d.ts
D:/saas/AgentCoding/V3/Yamato-SaaS/node_modules/@sentry/node/node_modules/@opentelemetry/core/build/src/platform/node/sdk-info.d.ts
D:/saas/AgentCoding/V3/Yamato-SaaS/node_modules/@sentry/node/node_modules/@opentelemetry/core/build/src/platform/node/timer-util.d.ts
D:/saas/AgentCoding/V3/Yamato-SaaS/node_modules/@sentry/node/node_modules/@opentelemetry/core/build/src/platform/node/index.d.ts
D:/saas/AgentCoding/V3/Yamato-SaaS/node_modules/@sentry/node/node_modules/@opentelemetry/core/build/src/platform/index.d.ts
D:/saas/AgentCoding/V3/Yamato-SaaS/node_modules/@sentry/node/node_modules/@opentelemetry/core/build/src/propagation/composite.d.ts
D:/saas/AgentCoding/V3/Yamato-SaaS/node_modules/@sentry/node/node_modules/@opentelemetry/core/build/src/trace/W3CTraceContextPropagator.d.ts
D:/saas/AgentCoding/V3/Yamato-SaaS/node_modules/@sentry/node/node_modules/@opentelemetry/core/build/src/trace/rpc-metadata.d.ts
D:/saas/AgentCoding/V3/Yamato-SaaS/node_modules/@sentry/node/node_modules/@opentelemetry/core/build/src/trace/sampler/AlwaysOffSampler.d.ts
D:/saas/AgentCoding/V3/Yamato-SaaS/node_modules/@sentry/node/node_modules/@opentelemetry/core/build/src/trace/sampler/AlwaysOnSampler.d.ts
D:/saas/AgentCoding/V3/Yamato-SaaS/node_modules/@sentry/node/node_modules/@opentelemetry/core/build/src/trace/sampler/ParentBasedSampler.d.ts
D:/saas/AgentCoding/V3/Yamato-SaaS/node_modules/@sentry/node/node_modules/@opentelemetry/core/build/src/trace/sampler/TraceIdRatioBasedSampler.d.ts
D:/saas/AgentCoding/V3/Yamato-SaaS/node_modules/@sentry/node/node_modules/@opentelemetry/core/build/src/trace/suppress-tracing.d.ts
D:/saas/AgentCoding/V3/Yamato-SaaS/node_modules/@sentry/node/node_modules/@opentelemetry/core/build/src/trace/TraceState.d.ts
D:/saas/AgentCoding/V3/Yamato-SaaS/node_modules/@sentry/node/node_modules/@opentelemetry/core/build/src/utils/merge.d.ts
D:/saas/AgentCoding/V3/Yamato-SaaS/node_modules/@sentry/node/node_modules/@opentelemetry/core/build/src/utils/sampling.d.ts
D:/saas/AgentCoding/V3/Yamato-SaaS/node_modules/@sentry/node/node_modules/@opentelemetry/core/build/src/utils/timeout.d.ts
D:/saas/AgentCoding/V3/Yamato-SaaS/node_modules/@sentry/node/node_modules/@opentelemetry/core/build/src/utils/url.d.ts
D:/saas/AgentCoding/V3/Yamato-SaaS/node_modules/@sentry/node/node_modules/@opentelemetry/core/build/src/utils/wrap.d.ts
D:/saas/AgentCoding/V3/Yamato-SaaS/node_modules/@sentry/node/node_modules/@opentelemetry/core/build/src/utils/callback.d.ts
D:/saas/AgentCoding/V3/Yamato-SaaS/node_modules/@sentry/node/node_modules/@opentelemetry/core/build/src/version.d.ts
D:/saas/AgentCoding/V3/Yamato-SaaS/node_modules/@sentry/node/node_modules/@opentelemetry/core/build/src/internal/exporter.d.ts
D:/saas/AgentCoding/V3/Yamato-SaaS/node_modules/@sentry/node/node_modules/@opentelemetry/core/build/src/index.d.ts
D:/saas/AgentCoding/V3/Yamato-SaaS/node_modules/@sentry/node/node_modules/@opentelemetry/resources/build/src/config.d.ts
D:/saas/AgentCoding/V3/Yamato-SaaS/node_modules/@sentry/node/node_modules/@opentelemetry/resources/build/src/IResource.d.ts
D:/saas/AgentCoding/V3/Yamato-SaaS/node_modules/@sentry/node/node_modules/@opentelemetry/resources/build/src/types.d.ts
D:/saas/AgentCoding/V3/Yamato-SaaS/node_modules/@sentry/node/node_modules/@opentelemetry/resources/build/src/Resource.d.ts
D:/saas/AgentCoding/V3/Yamato-SaaS/node_modules/@sentry/node/node_modules/@opentelemetry/resources/build/src/platform/node/default-service-name.d.ts
D:/saas/AgentCoding/V3/Yamato-SaaS/node_modules/@sentry/node/node_modules/@opentelemetry/resources/build/src/platform/node/index.d.ts
D:/saas/AgentCoding/V3/Yamato-SaaS/node_modules/@sentry/node/node_modules/@opentelemetry/resources/build/src/platform/index.d.ts
D:/saas/AgentCoding/V3/Yamato-SaaS/node_modules/@sentry/node/node_modules/@opentelemetry/resources/build/src/detectors/platform/node/HostDetector.d.ts
D:/saas/AgentCoding/V3/Yamato-SaaS/node_modules/@sentry/node/node_modules/@opentelemetry/resources/build/src/detectors/platform/node/HostDetectorSync.d.ts
D:/saas/AgentCoding/V3/Yamato-SaaS/node_modules/@sentry/node/node_modules/@opentelemetry/resources/build/src/detectors/platform/node/OSDetector.d.ts
D:/saas/AgentCoding/V3/Yamato-SaaS/node_modules/@sentry/node/node_modules/@opentelemetry/resources/build/src/detectors/platform/node/OSDetectorSync.d.ts
D:/saas/AgentCoding/V3/Yamato-SaaS/node_modules/@sentry/node/node_modules/@opentelemetry/resources/build/src/detectors/platform/node/ProcessDetector.d.ts
D:/saas/AgentCoding/V3/Yamato-SaaS/node_modules/@sentry/node/node_modules/@opentelemetry/resources/build/src/detectors/platform/node/ProcessDetectorSync.d.ts
D:/saas/AgentCoding/V3/Yamato-SaaS/node_modules/@sentry/node/node_modules/@opentelemetry/resources/build/src/detectors/platform/node/ServiceInstanceIdDetectorSync.d.ts
D:/saas/AgentCoding/V3/Yamato-SaaS/node_modules/@sentry/node/node_modules/@opentelemetry/resources/build/src/detectors/platform/node/index.d.ts
D:/saas/AgentCoding/V3/Yamato-SaaS/node_modules/@sentry/node/node_modules/@opentelemetry/resources/build/src/detectors/platform/index.d.ts
D:/saas/AgentCoding/V3/Yamato-SaaS/node_modules/@sentry/node/node_modules/@opentelemetry/resources/build/src/detectors/BrowserDetector.d.ts
D:/saas/AgentCoding/V3/Yamato-SaaS/node_modules/@sentry/node/node_modules/@opentelemetry/resources/build/src/detectors/EnvDetector.d.ts
D:/saas/AgentCoding/V3/Yamato-SaaS/node_modules/@sentry/node/node_modules/@opentelemetry/resources/build/src/detectors/BrowserDetectorSync.d.ts
D:/saas/AgentCoding/V3/Yamato-SaaS/node_modules/@sentry/node/node_modules/@opentelemetry/resources/build/src/detectors/EnvDetectorSync.d.ts
D:/saas/AgentCoding/V3/Yamato-SaaS/node_modules/@sentry/node/node_modules/@opentelemetry/resources/build/src/detectors/index.d.ts
D:/saas/AgentCoding/V3/Yamato-SaaS/node_modules/@sentry/node/node_modules/@opentelemetry/resources/build/src/detect-resources.d.ts
D:/saas/AgentCoding/V3/Yamato-SaaS/node_modules/@sentry/node/node_modules/@opentelemetry/resources/build/src/index.d.ts
D:/saas/AgentCoding/V3/Yamato-SaaS/node_modules/@sentry/node/node_modules/@opentelemetry/sdk-trace-base/build/src/TimedEvent.d.ts
D:/saas/AgentCoding/V3/Yamato-SaaS/node_modules/@sentry/node/node_modules/@opentelemetry/sdk-trace-base/build/src/export/ReadableSpan.d.ts
D:/saas/AgentCoding/V3/Yamato-SaaS/node_modules/@sentry/node/node_modules/@opentelemetry/sdk-trace-base/build/src/Span.d.ts
D:/saas/AgentCoding/V3/Yamato-SaaS/node_modules/@sentry/node/node_modules/@opentelemetry/sdk-trace-base/build/src/SpanProcessor.d.ts
D:/saas/AgentCoding/V3/Yamato-SaaS/node_modules/@sentry/node/node_modules/@opentelemetry/sdk-trace-base/build/src/IdGenerator.d.ts
D:/saas/AgentCoding/V3/Yamato-SaaS/node_modules/@sentry/node/node_modules/@opentelemetry/sdk-trace-base/build/src/Sampler.d.ts
D:/saas/AgentCoding/V3/Yamato-SaaS/node_modules/@sentry/node/node_modules/@opentelemetry/sdk-trace-base/build/src/types.d.ts
D:/saas/AgentCoding/V3/Yamato-SaaS/node_modules/@sentry/node/node_modules/@opentelemetry/sdk-trace-base/build/src/export/SpanExporter.d.ts
D:/saas/AgentCoding/V3/Yamato-SaaS/node_modules/@sentry/node/node_modules/@opentelemetry/sdk-trace-base/build/src/BasicTracerProvider.d.ts
D:/saas/AgentCoding/V3/Yamato-SaaS/node_modules/@sentry/node/node_modules/@opentelemetry/sdk-trace-base/build/src/Tracer.d.ts
D:/saas/AgentCoding/V3/Yamato-SaaS/node_modules/@sentry/node/node_modules/@opentelemetry/sdk-trace-base/build/src/export/BatchSpanProcessorBase.d.ts
D:/saas/AgentCoding/V3/Yamato-SaaS/node_modules/@sentry/node/node_modules/@opentelemetry/sdk-trace-base/build/src/platform/node/export/BatchSpanProcessor.d.ts
D:/saas/AgentCoding/V3/Yamato-SaaS/node_modules/@sentry/node/node_modules/@opentelemetry/sdk-trace-base/build/src/platform/node/RandomIdGenerator.d.ts
D:/saas/AgentCoding/V3/Yamato-SaaS/node_modules/@sentry/node/node_modules/@opentelemetry/sdk-trace-base/build/src/platform/node/index.d.ts
D:/saas/AgentCoding/V3/Yamato-SaaS/node_modules/@sentry/node/node_modules/@opentelemetry/sdk-trace-base/build/src/platform/index.d.ts
D:/saas/AgentCoding/V3/Yamato-SaaS/node_modules/@sentry/node/node_modules/@opentelemetry/sdk-trace-base/build/src/export/ConsoleSpanExporter.d.ts
D:/saas/AgentCoding/V3/Yamato-SaaS/node_modules/@sentry/node/node_modules/@opentelemetry/sdk-trace-base/build/src/export/InMemorySpanExporter.d.ts
D:/saas/AgentCoding/V3/Yamato-SaaS/node_modules/@sentry/node/node_modules/@opentelemetry/sdk-trace-base/build/src/export/SimpleSpanProcessor.d.ts
D:/saas/AgentCoding/V3/Yamato-SaaS/node_modules/@sentry/node/node_modules/@opentelemetry/sdk-trace-base/build/src/export/NoopSpanProcessor.d.ts
D:/saas/AgentCoding/V3/Yamato-SaaS/node_modules/@sentry/node/node_modules/@opentelemetry/sdk-trace-base/build/src/sampler/AlwaysOffSampler.d.ts
D:/saas/AgentCoding/V3/Yamato-SaaS/node_modules/@sentry/node/node_modules/@opentelemetry/sdk-trace-base/build/src/sampler/AlwaysOnSampler.d.ts
D:/saas/AgentCoding/V3/Yamato-SaaS/node_modules/@sentry/node/node_modules/@opentelemetry/sdk-trace-base/build/src/sampler/ParentBasedSampler.d.ts
D:/saas/AgentCoding/V3/Yamato-SaaS/node_modules/@sentry/node/node_modules/@opentelemetry/sdk-trace-base/build/src/sampler/TraceIdRatioBasedSampler.d.ts
D:/saas/AgentCoding/V3/Yamato-SaaS/node_modules/@sentry/node/node_modules/@opentelemetry/sdk-trace-base/build/src/index.d.ts
D:/saas/AgentCoding/V3/Yamato-SaaS/node_modules/@sentry/node/node_modules/@opentelemetry/api-logs/build/src/types/AnyValue.d.ts
D:/saas/AgentCoding/V3/Yamato-SaaS/node_modules/@sentry/node/node_modules/@opentelemetry/api-logs/build/src/types/LogRecord.d.ts
D:/saas/AgentCoding/V3/Yamato-SaaS/node_modules/@sentry/node/node_modules/@opentelemetry/api-logs/build/src/types/Logger.d.ts
D:/saas/AgentCoding/V3/Yamato-SaaS/node_modules/@sentry/node/node_modules/@opentelemetry/api-logs/build/src/types/LoggerOptions.d.ts
D:/saas/AgentCoding/V3/Yamato-SaaS/node_modules/@sentry/node/node_modules/@opentelemetry/api-logs/build/src/types/LoggerProvider.d.ts
D:/saas/AgentCoding/V3/Yamato-SaaS/node_modules/@sentry/node/node_modules/@opentelemetry/api-logs/build/src/NoopLogger.d.ts
D:/saas/AgentCoding/V3/Yamato-SaaS/node_modules/@sentry/node/node_modules/@opentelemetry/api-logs/build/src/NoopLoggerProvider.d.ts
D:/saas/AgentCoding/V3/Yamato-SaaS/node_modules/@sentry/node/node_modules/@opentelemetry/api-logs/build/src/ProxyLogger.d.ts
D:/saas/AgentCoding/V3/Yamato-SaaS/node_modules/@sentry/node/node_modules/@opentelemetry/api-logs/build/src/ProxyLoggerProvider.d.ts
D:/saas/AgentCoding/V3/Yamato-SaaS/node_modules/@sentry/node/node_modules/@opentelemetry/api-logs/build/src/api/logs.d.ts
D:/saas/AgentCoding/V3/Yamato-SaaS/node_modules/@sentry/node/node_modules/@opentelemetry/api-logs/build/src/index.d.ts
D:/saas/AgentCoding/V3/Yamato-SaaS/node_modules/@sentry/node/node_modules/@opentelemetry/instrumentation/build/src/types.d.ts
D:/saas/AgentCoding/V3/Yamato-SaaS/node_modules/@sentry/node/node_modules/@opentelemetry/instrumentation/build/src/types_internal.d.ts
D:/saas/AgentCoding/V3/Yamato-SaaS/node_modules/@sentry/node/node_modules/@opentelemetry/instrumentation/build/src/autoLoader.d.ts
D:/saas/AgentCoding/V3/Yamato-SaaS/node_modules/@sentry/node/node_modules/@opentelemetry/instrumentation/build/src/instrumentation.d.ts
D:/saas/AgentCoding/V3/Yamato-SaaS/node_modules/@sentry/node/node_modules/@opentelemetry/instrumentation/build/src/platform/node/instrumentation.d.ts
D:/saas/AgentCoding/V3/Yamato-SaaS/node_modules/@sentry/node/node_modules/@opentelemetry/instrumentation/build/src/platform/node/normalize.d.ts
D:/saas/AgentCoding/V3/Yamato-SaaS/node_modules/@sentry/node/node_modules/@opentelemetry/instrumentation/build/src/platform/node/index.d.ts
D:/saas/AgentCoding/V3/Yamato-SaaS/node_modules/@sentry/node/node_modules/@opentelemetry/instrumentation/build/src/platform/index.d.ts
D:/saas/AgentCoding/V3/Yamato-SaaS/node_modules/@sentry/node/node_modules/@opentelemetry/instrumentation/build/src/instrumentationNodeModuleDefinition.d.ts
D:/saas/AgentCoding/V3/Yamato-SaaS/node_modules/@sentry/node/node_modules/@opentelemetry/instrumentation/build/src/instrumentationNodeModuleFile.d.ts
D:/saas/AgentCoding/V3/Yamato-SaaS/node_modules/@sentry/node/node_modules/@opentelemetry/instrumentation/build/src/utils.d.ts
D:/saas/AgentCoding/V3/Yamato-SaaS/node_modules/@sentry/node/node_modules/@opentelemetry/instrumentation/build/src/index.d.ts
D:/saas/AgentCoding/V3/Yamato-SaaS/node_modules/@sentry/node/build/types/transports/http.d.ts
D:/saas/AgentCoding/V3/Yamato-SaaS/node_modules/@sentry/node/build/types/transports/index.d.ts
D:/saas/AgentCoding/V3/Yamato-SaaS/node_modules/@sentry/node/build/types/types.d.ts
D:/saas/AgentCoding/V3/Yamato-SaaS/node_modules/@sentry/node/build/types/sdk/client.d.ts
D:/saas/AgentCoding/V3/Yamato-SaaS/node_modules/@sentry/node/build/types/integrations/onuncaughtexception.d.ts
D:/saas/AgentCoding/V3/Yamato-SaaS/node_modules/@sentry/node/build/types/integrations/onunhandledrejection.d.ts
D:/saas/AgentCoding/V3/Yamato-SaaS/node_modules/@sentry/node/build/types/integrations/anr/common.d.ts
D:/saas/AgentCoding/V3/Yamato-SaaS/node_modules/@sentry/node/build/types/integrations/anr/index.d.ts
D:/saas/AgentCoding/V3/Yamato-SaaS/node_modules/@sentry/node/build/types/integrations/tracing/express.d.ts
D:/saas/AgentCoding/V3/Yamato-SaaS/node_modules/@sentry/node/build/types/integrations/tracing/fastify.d.ts
D:/saas/AgentCoding/V3/Yamato-SaaS/node_modules/@sentry/node/build/types/integrations/tracing/graphql.d.ts
D:/saas/AgentCoding/V3/Yamato-SaaS/node_modules/@sentry/node/build/types/integrations/tracing/kafka.d.ts
D:/saas/AgentCoding/V3/Yamato-SaaS/node_modules/@sentry/node/build/types/integrations/tracing/lrumemoizer.d.ts
D:/saas/AgentCoding/V3/Yamato-SaaS/node_modules/@sentry/node/build/types/integrations/tracing/mongo.d.ts
D:/saas/AgentCoding/V3/Yamato-SaaS/node_modules/@sentry/node/build/types/integrations/tracing/mongoose.d.ts
D:/saas/AgentCoding/V3/Yamato-SaaS/node_modules/@sentry/node/build/types/integrations/tracing/mysql.d.ts
D:/saas/AgentCoding/V3/Yamato-SaaS/node_modules/@sentry/node/build/types/integrations/tracing/mysql2.d.ts
D:/saas/AgentCoding/V3/Yamato-SaaS/node_modules/@sentry/node/build/types/integrations/tracing/redis.d.ts
D:/saas/AgentCoding/V3/Yamato-SaaS/node_modules/@sentry/node/build/types/integrations/tracing/nest/types.d.ts
D:/saas/AgentCoding/V3/Yamato-SaaS/node_modules/@sentry/node/build/types/integrations/tracing/nest/nest.d.ts
D:/saas/AgentCoding/V3/Yamato-SaaS/node_modules/@sentry/node/build/types/integrations/tracing/postgres.d.ts
D:/saas/AgentCoding/V3/Yamato-SaaS/node_modules/@sentry/node/build/types/integrations/tracing/prisma.d.ts
D:/saas/AgentCoding/V3/Yamato-SaaS/node_modules/@sentry/node/build/types/integrations/tracing/hapi/types.d.ts
D:/saas/AgentCoding/V3/Yamato-SaaS/node_modules/@sentry/node/build/types/integrations/tracing/hapi/index.d.ts
D:/saas/AgentCoding/V3/Yamato-SaaS/node_modules/@sentry/node/build/types/integrations/tracing/koa.d.ts
D:/saas/AgentCoding/V3/Yamato-SaaS/node_modules/@sentry/node/build/types/integrations/tracing/connect.d.ts
D:/saas/AgentCoding/V3/Yamato-SaaS/node_modules/@sentry/node/build/types/integrations/spotlight.d.ts
D:/saas/AgentCoding/V3/Yamato-SaaS/node_modules/@sentry/node/build/types/integrations/tracing/knex.d.ts
D:/saas/AgentCoding/V3/Yamato-SaaS/node_modules/@sentry/node/build/types/integrations/tracing/tedious.d.ts
D:/saas/AgentCoding/V3/Yamato-SaaS/node_modules/@sentry/node/build/types/integrations/tracing/genericPool.d.ts
D:/saas/AgentCoding/V3/Yamato-SaaS/node_modules/@sentry/node/build/types/integrations/tracing/dataloader.d.ts
D:/saas/AgentCoding/V3/Yamato-SaaS/node_modules/@sentry/node/build/types/integrations/tracing/amqplib.d.ts
D:/saas/AgentCoding/V3/Yamato-SaaS/node_modules/@sentry/node/build/types/integrations/childProcess.d.ts
D:/saas/AgentCoding/V3/Yamato-SaaS/node_modules/@sentry/node/build/types/integrations/tracing/vercelai/index.d.ts
D:/saas/AgentCoding/V3/Yamato-SaaS/node_modules/@opentelemetry/context-async-hooks/build/src/AbstractAsyncHooksContextManager.d.ts
D:/saas/AgentCoding/V3/Yamato-SaaS/node_modules/@opentelemetry/context-async-hooks/build/src/AsyncHooksContextManager.d.ts
D:/saas/AgentCoding/V3/Yamato-SaaS/node_modules/@opentelemetry/context-async-hooks/build/src/AsyncLocalStorageContextManager.d.ts
D:/saas/AgentCoding/V3/Yamato-SaaS/node_modules/@opentelemetry/context-async-hooks/build/src/index.d.ts
D:/saas/AgentCoding/V3/Yamato-SaaS/node_modules/@sentry/node/build/types/otel/contextManager.d.ts
D:/saas/AgentCoding/V3/Yamato-SaaS/node_modules/@sentry/node/build/types/otel/instrument.d.ts
D:/saas/AgentCoding/V3/Yamato-SaaS/node_modules/@sentry/node/build/types/sdk/index.d.ts
D:/saas/AgentCoding/V3/Yamato-SaaS/node_modules/@sentry/node/build/types/sdk/initOtel.d.ts
D:/saas/AgentCoding/V3/Yamato-SaaS/node_modules/@sentry/node/build/types/integrations/tracing/index.d.ts
D:/saas/AgentCoding/V3/Yamato-SaaS/node_modules/@sentry/node/build/types/sdk/api.d.ts
D:/saas/AgentCoding/V3/Yamato-SaaS/node_modules/@sentry/node/build/types/utils/module.d.ts
D:/saas/AgentCoding/V3/Yamato-SaaS/node_modules/@sentry/node/build/types/cron/cron.d.ts
D:/saas/AgentCoding/V3/Yamato-SaaS/node_modules/@sentry/node/build/types/cron/node-cron.d.ts
D:/saas/AgentCoding/V3/Yamato-SaaS/node_modules/@sentry/node/build/types/cron/node-schedule.d.ts
D:/saas/AgentCoding/V3/Yamato-SaaS/node_modules/@sentry/node/build/types/cron/index.d.ts
D:/saas/AgentCoding/V3/Yamato-SaaS/node_modules/@sentry/node/node_modules/@sentry/opentelemetry/build/types/semanticAttributes.d.ts
D:/saas/AgentCoding/V3/Yamato-SaaS/node_modules/@sentry/node/node_modules/@sentry/opentelemetry/build/types/utils/getRequestSpanData.d.ts
D:/saas/AgentCoding/V3/Yamato-SaaS/node_modules/@sentry/node/node_modules/@sentry/opentelemetry/build/types/types.d.ts
D:/saas/AgentCoding/V3/Yamato-SaaS/node_modules/@sentry/node/node_modules/@sentry/opentelemetry/build/types/custom/client.d.ts
D:/saas/AgentCoding/V3/Yamato-SaaS/node_modules/@sentry/node/node_modules/@sentry/opentelemetry/build/types/utils/getSpanKind.d.ts
D:/saas/AgentCoding/V3/Yamato-SaaS/node_modules/@sentry/node/node_modules/@sentry/opentelemetry/build/types/utils/contextData.d.ts
D:/saas/AgentCoding/V3/Yamato-SaaS/node_modules/@sentry/node/node_modules/@sentry/opentelemetry/build/types/utils/spanTypes.d.ts
D:/saas/AgentCoding/V3/Yamato-SaaS/node_modules/@sentry/node/node_modules/@sentry/opentelemetry/build/types/utils/isSentryRequest.d.ts
D:/saas/AgentCoding/V3/Yamato-SaaS/node_modules/@sentry/node/node_modules/@sentry/opentelemetry/build/types/utils/enhanceDscWithOpenTelemetryRootSpanName.d.ts
D:/saas/AgentCoding/V3/Yamato-SaaS/node_modules/@sentry/node/node_modules/@sentry/opentelemetry/build/types/utils/generateSpanContextForPropagationContext.d.ts
D:/saas/AgentCoding/V3/Yamato-SaaS/node_modules/@sentry/node/node_modules/@sentry/opentelemetry/build/types/utils/getActiveSpan.d.ts
D:/saas/AgentCoding/V3/Yamato-SaaS/node_modules/@sentry/node/node_modules/@sentry/opentelemetry/build/types/trace.d.ts
D:/saas/AgentCoding/V3/Yamato-SaaS/node_modules/@sentry/node/node_modules/@sentry/opentelemetry/build/types/utils/suppressTracing.d.ts
D:/saas/AgentCoding/V3/Yamato-SaaS/node_modules/@sentry/node/node_modules/@sentry/opentelemetry/build/types/setupEventContextTrace.d.ts
D:/saas/AgentCoding/V3/Yamato-SaaS/node_modules/@sentry/node/node_modules/@sentry/opentelemetry/build/types/asyncContextStrategy.d.ts
D:/saas/AgentCoding/V3/Yamato-SaaS/node_modules/@sentry/node/node_modules/@sentry/opentelemetry/build/types/contextManager.d.ts
D:/saas/AgentCoding/V3/Yamato-SaaS/node_modules/@sentry/node/node_modules/@sentry/opentelemetry/build/types/propagator.d.ts
D:/saas/AgentCoding/V3/Yamato-SaaS/node_modules/@sentry/node/node_modules/@sentry/opentelemetry/build/types/spanProcessor.d.ts
D:/saas/AgentCoding/V3/Yamato-SaaS/node_modules/@sentry/node/node_modules/@sentry/opentelemetry/build/types/sampler.d.ts
D:/saas/AgentCoding/V3/Yamato-SaaS/node_modules/@sentry/node/node_modules/@sentry/opentelemetry/build/types/utils/setupCheck.d.ts
D:/saas/AgentCoding/V3/Yamato-SaaS/node_modules/@sentry/node/node_modules/@sentry/opentelemetry/build/types/instrumentation.d.ts
D:/saas/AgentCoding/V3/Yamato-SaaS/node_modules/@sentry/node/node_modules/@sentry/opentelemetry/build/types/index.d.ts
D:/saas/AgentCoding/V3/Yamato-SaaS/node_modules/@sentry/node/build/types/index.d.ts
D:/saas/AgentCoding/V3/Yamato-SaaS/node_modules/@sentry/nextjs/build/types/common/pages-router-instrumentation/wrapApiHandlerWithSentry.d.ts
D:/saas/AgentCoding/V3/Yamato-SaaS/node_modules/@sentry/nextjs/build/types/server/index.d.ts
D:/saas/AgentCoding/V3/Yamato-SaaS/node_modules/@opentelemetry/resources/build/src/types.d.ts
D:/saas/AgentCoding/V3/Yamato-SaaS/node_modules/@opentelemetry/resources/build/src/config.d.ts
D:/saas/AgentCoding/V3/Yamato-SaaS/node_modules/@opentelemetry/resources/build/src/Resource.d.ts
D:/saas/AgentCoding/V3/Yamato-SaaS/node_modules/@opentelemetry/resources/build/src/detect-resources.d.ts
D:/saas/AgentCoding/V3/Yamato-SaaS/node_modules/@opentelemetry/resources/build/src/detectors/EnvDetector.d.ts
D:/saas/AgentCoding/V3/Yamato-SaaS/node_modules/@opentelemetry/resources/build/src/detectors/platform/node/HostDetector.d.ts
D:/saas/AgentCoding/V3/Yamato-SaaS/node_modules/@opentelemetry/resources/build/src/detectors/platform/node/OSDetector.d.ts
D:/saas/AgentCoding/V3/Yamato-SaaS/node_modules/@opentelemetry/resources/build/src/detectors/platform/node/ProcessDetector.d.ts
D:/saas/AgentCoding/V3/Yamato-SaaS/node_modules/@opentelemetry/resources/build/src/detectors/platform/node/ServiceInstanceIdDetector.d.ts
D:/saas/AgentCoding/V3/Yamato-SaaS/node_modules/@opentelemetry/resources/build/src/detectors/platform/node/index.d.ts
D:/saas/AgentCoding/V3/Yamato-SaaS/node_modules/@opentelemetry/resources/build/src/detectors/platform/index.d.ts
D:/saas/AgentCoding/V3/Yamato-SaaS/node_modules/@opentelemetry/resources/build/src/detectors/NoopDetector.d.ts
D:/saas/AgentCoding/V3/Yamato-SaaS/node_modules/@opentelemetry/resources/build/src/detectors/index.d.ts
D:/saas/AgentCoding/V3/Yamato-SaaS/node_modules/@opentelemetry/resources/build/src/ResourceImpl.d.ts
D:/saas/AgentCoding/V3/Yamato-SaaS/node_modules/@opentelemetry/resources/build/src/platform/node/default-service-name.d.ts
D:/saas/AgentCoding/V3/Yamato-SaaS/node_modules/@opentelemetry/resources/build/src/platform/node/index.d.ts
D:/saas/AgentCoding/V3/Yamato-SaaS/node_modules/@opentelemetry/resources/build/src/platform/index.d.ts
D:/saas/AgentCoding/V3/Yamato-SaaS/node_modules/@opentelemetry/resources/build/src/index.d.ts
D:/saas/AgentCoding/V3/Yamato-SaaS/node_modules/@opentelemetry/sdk-trace-base/build/src/IdGenerator.d.ts
D:/saas/AgentCoding/V3/Yamato-SaaS/node_modules/@opentelemetry/sdk-trace-base/build/src/Sampler.d.ts
D:/saas/AgentCoding/V3/Yamato-SaaS/node_modules/@opentelemetry/core/build/src/baggage/propagation/W3CBaggagePropagator.d.ts
D:/saas/AgentCoding/V3/Yamato-SaaS/node_modules/@opentelemetry/core/build/src/common/anchored-clock.d.ts
D:/saas/AgentCoding/V3/Yamato-SaaS/node_modules/@opentelemetry/core/build/src/common/attributes.d.ts
D:/saas/AgentCoding/V3/Yamato-SaaS/node_modules/@opentelemetry/core/build/src/common/types.d.ts
D:/saas/AgentCoding/V3/Yamato-SaaS/node_modules/@opentelemetry/core/build/src/common/global-error-handler.d.ts
D:/saas/AgentCoding/V3/Yamato-SaaS/node_modules/@opentelemetry/core/build/src/common/logging-error-handler.d.ts
D:/saas/AgentCoding/V3/Yamato-SaaS/node_modules/@opentelemetry/core/build/src/common/time.d.ts
D:/saas/AgentCoding/V3/Yamato-SaaS/node_modules/@opentelemetry/core/build/src/ExportResult.d.ts
D:/saas/AgentCoding/V3/Yamato-SaaS/node_modules/@opentelemetry/core/build/src/baggage/utils.d.ts
D:/saas/AgentCoding/V3/Yamato-SaaS/node_modules/@opentelemetry/core/build/src/platform/node/environment.d.ts
D:/saas/AgentCoding/V3/Yamato-SaaS/node_modules/@opentelemetry/core/build/src/platform/node/globalThis.d.ts
D:/saas/AgentCoding/V3/Yamato-SaaS/node_modules/@opentelemetry/core/build/src/platform/node/performance.d.ts
D:/saas/AgentCoding/V3/Yamato-SaaS/node_modules/@opentelemetry/core/build/src/platform/node/sdk-info.d.ts
D:/saas/AgentCoding/V3/Yamato-SaaS/node_modules/@opentelemetry/core/build/src/platform/node/timer-util.d.ts
D:/saas/AgentCoding/V3/Yamato-SaaS/node_modules/@opentelemetry/core/build/src/platform/node/index.d.ts
D:/saas/AgentCoding/V3/Yamato-SaaS/node_modules/@opentelemetry/core/build/src/platform/index.d.ts
D:/saas/AgentCoding/V3/Yamato-SaaS/node_modules/@opentelemetry/core/build/src/propagation/composite.d.ts
D:/saas/AgentCoding/V3/Yamato-SaaS/node_modules/@opentelemetry/core/build/src/trace/W3CTraceContextPropagator.d.ts
D:/saas/AgentCoding/V3/Yamato-SaaS/node_modules/@opentelemetry/core/build/src/trace/rpc-metadata.d.ts
D:/saas/AgentCoding/V3/Yamato-SaaS/node_modules/@opentelemetry/core/build/src/trace/suppress-tracing.d.ts
D:/saas/AgentCoding/V3/Yamato-SaaS/node_modules/@opentelemetry/core/build/src/trace/TraceState.d.ts
D:/saas/AgentCoding/V3/Yamato-SaaS/node_modules/@opentelemetry/core/build/src/utils/merge.d.ts
D:/saas/AgentCoding/V3/Yamato-SaaS/node_modules/@opentelemetry/core/build/src/utils/timeout.d.ts
D:/saas/AgentCoding/V3/Yamato-SaaS/node_modules/@opentelemetry/core/build/src/utils/url.d.ts
D:/saas/AgentCoding/V3/Yamato-SaaS/node_modules/@opentelemetry/core/build/src/utils/callback.d.ts
D:/saas/AgentCoding/V3/Yamato-SaaS/node_modules/@opentelemetry/core/build/src/utils/configuration.d.ts
D:/saas/AgentCoding/V3/Yamato-SaaS/node_modules/@opentelemetry/core/build/src/internal/exporter.d.ts
D:/saas/AgentCoding/V3/Yamato-SaaS/node_modules/@opentelemetry/core/build/src/index.d.ts
D:/saas/AgentCoding/V3/Yamato-SaaS/node_modules/@opentelemetry/sdk-trace-base/build/src/TimedEvent.d.ts
D:/saas/AgentCoding/V3/Yamato-SaaS/node_modules/@opentelemetry/sdk-trace-base/build/src/export/ReadableSpan.d.ts
D:/saas/AgentCoding/V3/Yamato-SaaS/node_modules/@opentelemetry/sdk-trace-base/build/src/Span.d.ts
D:/saas/AgentCoding/V3/Yamato-SaaS/node_modules/@opentelemetry/sdk-trace-base/build/src/SpanProcessor.d.ts
D:/saas/AgentCoding/V3/Yamato-SaaS/node_modules/@opentelemetry/sdk-trace-base/build/src/types.d.ts
D:/saas/AgentCoding/V3/Yamato-SaaS/node_modules/@opentelemetry/sdk-trace-base/build/src/BasicTracerProvider.d.ts
D:/saas/AgentCoding/V3/Yamato-SaaS/node_modules/@opentelemetry/sdk-trace-base/build/src/export/SpanExporter.d.ts
D:/saas/AgentCoding/V3/Yamato-SaaS/node_modules/@opentelemetry/sdk-trace-base/build/src/export/BatchSpanProcessorBase.d.ts
D:/saas/AgentCoding/V3/Yamato-SaaS/node_modules/@opentelemetry/sdk-trace-base/build/src/platform/node/export/BatchSpanProcessor.d.ts
D:/saas/AgentCoding/V3/Yamato-SaaS/node_modules/@opentelemetry/sdk-trace-base/build/src/platform/node/RandomIdGenerator.d.ts
D:/saas/AgentCoding/V3/Yamato-SaaS/node_modules/@opentelemetry/sdk-trace-base/build/src/platform/node/index.d.ts
D:/saas/AgentCoding/V3/Yamato-SaaS/node_modules/@opentelemetry/sdk-trace-base/build/src/platform/index.d.ts
D:/saas/AgentCoding/V3/Yamato-SaaS/node_modules/@opentelemetry/sdk-trace-base/build/src/export/ConsoleSpanExporter.d.ts
D:/saas/AgentCoding/V3/Yamato-SaaS/node_modules/@opentelemetry/sdk-trace-base/build/src/export/InMemorySpanExporter.d.ts
D:/saas/AgentCoding/V3/Yamato-SaaS/node_modules/@opentelemetry/sdk-trace-base/build/src/export/SimpleSpanProcessor.d.ts
D:/saas/AgentCoding/V3/Yamato-SaaS/node_modules/@opentelemetry/sdk-trace-base/build/src/export/NoopSpanProcessor.d.ts
D:/saas/AgentCoding/V3/Yamato-SaaS/node_modules/@opentelemetry/sdk-trace-base/build/src/sampler/AlwaysOffSampler.d.ts
D:/saas/AgentCoding/V3/Yamato-SaaS/node_modules/@opentelemetry/sdk-trace-base/build/src/sampler/AlwaysOnSampler.d.ts
D:/saas/AgentCoding/V3/Yamato-SaaS/node_modules/@opentelemetry/sdk-trace-base/build/src/sampler/ParentBasedSampler.d.ts
D:/saas/AgentCoding/V3/Yamato-SaaS/node_modules/@opentelemetry/sdk-trace-base/build/src/sampler/TraceIdRatioBasedSampler.d.ts
D:/saas/AgentCoding/V3/Yamato-SaaS/node_modules/@opentelemetry/sdk-trace-base/build/src/index.d.ts
D:/saas/AgentCoding/V3/Yamato-SaaS/node_modules/@sentry/vercel-edge/build/types/client.d.ts
D:/saas/AgentCoding/V3/Yamato-SaaS/node_modules/@sentry/vercel-edge/build/types/transports/index.d.ts
D:/saas/AgentCoding/V3/Yamato-SaaS/node_modules/@sentry/vercel-edge/build/types/types.d.ts
D:/saas/AgentCoding/V3/Yamato-SaaS/node_modules/@sentry/vercel-edge/build/types/sdk.d.ts
D:/saas/AgentCoding/V3/Yamato-SaaS/node_modules/@sentry/vercel-edge/build/types/integrations/wintercg-fetch.d.ts
D:/saas/AgentCoding/V3/Yamato-SaaS/node_modules/@sentry/vercel-edge/build/types/index.d.ts
D:/saas/AgentCoding/V3/Yamato-SaaS/node_modules/@sentry/nextjs/build/types/edge/wrapApiHandlerWithSentry.d.ts
D:/saas/AgentCoding/V3/Yamato-SaaS/node_modules/@sentry/nextjs/build/types/edge/index.d.ts
D:/saas/AgentCoding/V3/Yamato-SaaS/node_modules/@sentry/nextjs/build/types/index.types.d.ts
D:/saas/AgentCoding/V3/Yamato-SaaS/node_modules/@spotlightjs/sidecar/dist/constants.d.ts
D:/saas/AgentCoding/V3/Yamato-SaaS/node_modules/@spotlightjs/overlay/dist/constants.d.ts
D:/saas/AgentCoding/V3/Yamato-SaaS/node_modules/@spotlightjs/overlay/dist/lib/eventTarget.d.ts
D:/saas/AgentCoding/V3/Yamato-SaaS/node_modules/@spotlightjs/overlay/dist/react-instance.d.ts
D:/saas/AgentCoding/V3/Yamato-SaaS/node_modules/@spotlightjs/overlay/dist/integrations/integration.d.ts
D:/saas/AgentCoding/V3/Yamato-SaaS/node_modules/@spotlightjs/overlay/dist/types.d.ts
D:/saas/AgentCoding/V3/Yamato-SaaS/node_modules/@spotlightjs/overlay/dist/integrations/console/types.d.ts
D:/saas/AgentCoding/V3/Yamato-SaaS/node_modules/@spotlightjs/overlay/dist/integrations/console/console-tab.d.ts
D:/saas/AgentCoding/V3/Yamato-SaaS/node_modules/@spotlightjs/overlay/dist/integrations/console/index.d.ts
D:/saas/AgentCoding/V3/Yamato-SaaS/node_modules/@spotlightjs/overlay/dist/integrations/hydration-error/HydrationErrorDisplay.d.ts
D:/saas/AgentCoding/V3/Yamato-SaaS/node_modules/@spotlightjs/overlay/dist/integrations/hydration-error/index.d.ts
D:/saas/AgentCoding/V3/Yamato-SaaS/node_modules/@spotlightjs/overlay/dist/integrations/sentry/index.d.ts
D:/saas/AgentCoding/V3/Yamato-SaaS/node_modules/@spotlightjs/overlay/dist/integrations/vite-inspect/vite-inspect.d.ts
D:/saas/AgentCoding/V3/Yamato-SaaS/node_modules/@spotlightjs/overlay/dist/integrations/vite-inspect/index.d.ts
D:/saas/AgentCoding/V3/Yamato-SaaS/node_modules/@spotlightjs/overlay/dist/index.d.ts
D:/saas/AgentCoding/V3/Yamato-SaaS/node_modules/@spotlightjs/overlay/dist/sentry-spotlight.d.ts
D:/saas/AgentCoding/V3/Yamato-SaaS/node_modules/@spotlightjs/spotlight/dist/overlay.d.ts
D:/saas/AgentCoding/V3/Yamato-SaaS/sentry.client.config.ts
D:/saas/AgentCoding/V3/Yamato-SaaS/node_modules/tailwindcss/types/generated/corePluginList.d.ts
D:/saas/AgentCoding/V3/Yamato-SaaS/node_modules/tailwindcss/types/generated/colors.d.ts
D:/saas/AgentCoding/V3/Yamato-SaaS/node_modules/tailwindcss/types/config.d.ts
D:/saas/AgentCoding/V3/Yamato-SaaS/node_modules/tailwindcss/types/index.d.ts
D:/saas/AgentCoding/V3/Yamato-SaaS/tailwind.config.ts
D:/saas/AgentCoding/V3/Yamato-SaaS/node_modules/@vitest/pretty-format/dist/index.d.ts
D:/saas/AgentCoding/V3/Yamato-SaaS/node_modules/@vitest/utils/dist/types.d.ts
D:/saas/AgentCoding/V3/Yamato-SaaS/node_modules/@vitest/utils/dist/helpers.d.ts
D:/saas/AgentCoding/V3/Yamato-SaaS/node_modules/tinyrainbow/dist/index-c1cfc5e9.d.ts
D:/saas/AgentCoding/V3/Yamato-SaaS/node_modules/tinyrainbow/dist/node.d.ts
D:/saas/AgentCoding/V3/Yamato-SaaS/node_modules/@vitest/utils/dist/index.d.ts
D:/saas/AgentCoding/V3/Yamato-SaaS/node_modules/@vitest/runner/dist/tasks-3ZnPj1LR.d.ts
D:/saas/AgentCoding/V3/Yamato-SaaS/node_modules/@vitest/utils/dist/types-Bxe-2Udy.d.ts
D:/saas/AgentCoding/V3/Yamato-SaaS/node_modules/@vitest/utils/dist/diff.d.ts
D:/saas/AgentCoding/V3/Yamato-SaaS/node_modules/@vitest/runner/dist/types.d.ts
D:/saas/AgentCoding/V3/Yamato-SaaS/node_modules/@vitest/utils/dist/error.d.ts
D:/saas/AgentCoding/V3/Yamato-SaaS/node_modules/@vitest/runner/dist/index.d.ts
D:/saas/AgentCoding/V3/Yamato-SaaS/node_modules/vitest/dist/chunks/environment.LoooBwUu.d.ts
D:/saas/AgentCoding/V3/Yamato-SaaS/node_modules/@vitest/snapshot/dist/environment-Ddx0EDtY.d.ts
D:/saas/AgentCoding/V3/Yamato-SaaS/node_modules/@vitest/snapshot/dist/rawSnapshot-CPNkto81.d.ts
D:/saas/AgentCoding/V3/Yamato-SaaS/node_modules/@vitest/snapshot/dist/index.d.ts
D:/saas/AgentCoding/V3/Yamato-SaaS/node_modules/@vitest/snapshot/dist/environment.d.ts
D:/saas/AgentCoding/V3/Yamato-SaaS/node_modules/vitest/dist/chunks/config.Cy0C388Z.d.ts
D:/saas/AgentCoding/V3/Yamato-SaaS/node_modules/vite-node/dist/trace-mapping.d-DLVdEqOp.d.ts
D:/saas/AgentCoding/V3/Yamato-SaaS/node_modules/vite-node/dist/index-z0R8hVRu.d.ts
D:/saas/AgentCoding/V3/Yamato-SaaS/node_modules/vite-node/dist/index.d.ts
D:/saas/AgentCoding/V3/Yamato-SaaS/node_modules/@vitest/utils/dist/source-map.d.ts
D:/saas/AgentCoding/V3/Yamato-SaaS/node_modules/vite-node/dist/client.d.ts
D:/saas/AgentCoding/V3/Yamato-SaaS/node_modules/vite-node/dist/server.d.ts
D:/saas/AgentCoding/V3/Yamato-SaaS/node_modules/@vitest/runner/dist/utils.d.ts
D:/saas/AgentCoding/V3/Yamato-SaaS/node_modules/tinybench/dist/index.d.ts
D:/saas/AgentCoding/V3/Yamato-SaaS/node_modules/vitest/dist/chunks/benchmark.geERunq4.d.ts
D:/saas/AgentCoding/V3/Yamato-SaaS/node_modules/@vitest/snapshot/dist/manager.d.ts
D:/saas/AgentCoding/V3/Yamato-SaaS/node_modules/vitest/dist/chunks/reporters.nr4dxCkA.d.ts
D:/saas/AgentCoding/V3/Yamato-SaaS/node_modules/vitest/dist/chunks/worker.tN5KGIih.d.ts
D:/saas/AgentCoding/V3/Yamato-SaaS/node_modules/vitest/dist/chunks/worker.B9FxPCaC.d.ts
D:/saas/AgentCoding/V3/Yamato-SaaS/node_modules/vitest/dist/chunks/vite.CzKp4x9w.d.ts
D:/saas/AgentCoding/V3/Yamato-SaaS/node_modules/@vitest/expect/dist/chai.d.cts
D:/saas/AgentCoding/V3/Yamato-SaaS/node_modules/@vitest/expect/dist/index.d.ts
D:/saas/AgentCoding/V3/Yamato-SaaS/node_modules/@vitest/expect/index.d.ts
D:/saas/AgentCoding/V3/Yamato-SaaS/node_modules/@vitest/spy/dist/index.d.ts
D:/saas/AgentCoding/V3/Yamato-SaaS/node_modules/@vitest/mocker/dist/types-DZOqTgiN.d.ts
D:/saas/AgentCoding/V3/Yamato-SaaS/node_modules/@vitest/mocker/dist/index.d.ts
D:/saas/AgentCoding/V3/Yamato-SaaS/node_modules/vitest/dist/chunks/mocker.cRtM890J.d.ts
D:/saas/AgentCoding/V3/Yamato-SaaS/node_modules/vitest/dist/chunks/suite.B2jumIFP.d.ts
D:/saas/AgentCoding/V3/Yamato-SaaS/node_modules/expect-type/dist/utils.d.ts
D:/saas/AgentCoding/V3/Yamato-SaaS/node_modules/expect-type/dist/overloads.d.ts
D:/saas/AgentCoding/V3/Yamato-SaaS/node_modules/expect-type/dist/branding.d.ts
D:/saas/AgentCoding/V3/Yamato-SaaS/node_modules/expect-type/dist/messages.d.ts
D:/saas/AgentCoding/V3/Yamato-SaaS/node_modules/expect-type/dist/index.d.ts
D:/saas/AgentCoding/V3/Yamato-SaaS/node_modules/vitest/dist/index.d.ts
D:/saas/AgentCoding/V3/Yamato-SaaS/node_modules/@testing-library/jest-dom/types/matchers.d.ts
D:/saas/AgentCoding/V3/Yamato-SaaS/node_modules/@testing-library/jest-dom/types/vitest.d.ts
D:/saas/AgentCoding/V3/Yamato-SaaS/node_modules/vitest-fail-on-console/dist/src/types.d.ts
D:/saas/AgentCoding/V3/Yamato-SaaS/node_modules/vitest-fail-on-console/dist/src/index.d.ts
D:/saas/AgentCoding/V3/Yamato-SaaS/node_modules/vitest-fail-on-console/dist/index.d.ts
D:/saas/AgentCoding/V3/Yamato-SaaS/vitest-setup.ts
D:/saas/AgentCoding/V3/Yamato-SaaS/node_modules/drizzle-orm/entity.d.ts
D:/saas/AgentCoding/V3/Yamato-SaaS/node_modules/drizzle-orm/logger.d.ts
D:/saas/AgentCoding/V3/Yamato-SaaS/node_modules/drizzle-orm/utils.d.ts
D:/saas/AgentCoding/V3/Yamato-SaaS/node_modules/drizzle-orm/casing.d.ts
D:/saas/AgentCoding/V3/Yamato-SaaS/node_modules/drizzle-orm/subquery.d.ts
D:/saas/AgentCoding/V3/Yamato-SaaS/node_modules/drizzle-orm/sql/sql.d.ts
D:/saas/AgentCoding/V3/Yamato-SaaS/node_modules/drizzle-orm/operations.d.ts
D:/saas/AgentCoding/V3/Yamato-SaaS/node_modules/drizzle-orm/table.d.ts
D:/saas/AgentCoding/V3/Yamato-SaaS/node_modules/drizzle-orm/mysql-core/checks.d.ts
D:/saas/AgentCoding/V3/Yamato-SaaS/node_modules/drizzle-orm/mysql-core/columns/binary.d.ts
D:/saas/AgentCoding/V3/Yamato-SaaS/node_modules/drizzle-orm/mysql-core/columns/boolean.d.ts
D:/saas/AgentCoding/V3/Yamato-SaaS/node_modules/drizzle-orm/mysql-core/columns/char.d.ts
D:/saas/AgentCoding/V3/Yamato-SaaS/node_modules/drizzle-orm/mysql-core/columns/custom.d.ts
D:/saas/AgentCoding/V3/Yamato-SaaS/node_modules/drizzle-orm/mysql-core/columns/date.d.ts
D:/saas/AgentCoding/V3/Yamato-SaaS/node_modules/drizzle-orm/mysql-core/columns/datetime.d.ts
D:/saas/AgentCoding/V3/Yamato-SaaS/node_modules/drizzle-orm/mysql-core/columns/decimal.d.ts
D:/saas/AgentCoding/V3/Yamato-SaaS/node_modules/drizzle-orm/mysql-core/columns/double.d.ts
D:/saas/AgentCoding/V3/Yamato-SaaS/node_modules/drizzle-orm/mysql-core/columns/enum.d.ts
D:/saas/AgentCoding/V3/Yamato-SaaS/node_modules/drizzle-orm/mysql-core/columns/float.d.ts
D:/saas/AgentCoding/V3/Yamato-SaaS/node_modules/drizzle-orm/mysql-core/columns/int.d.ts
D:/saas/AgentCoding/V3/Yamato-SaaS/node_modules/drizzle-orm/mysql-core/columns/json.d.ts
D:/saas/AgentCoding/V3/Yamato-SaaS/node_modules/drizzle-orm/mysql-core/columns/mediumint.d.ts
D:/saas/AgentCoding/V3/Yamato-SaaS/node_modules/drizzle-orm/mysql-core/columns/real.d.ts
D:/saas/AgentCoding/V3/Yamato-SaaS/node_modules/drizzle-orm/mysql-core/columns/serial.d.ts
D:/saas/AgentCoding/V3/Yamato-SaaS/node_modules/drizzle-orm/mysql-core/columns/smallint.d.ts
D:/saas/AgentCoding/V3/Yamato-SaaS/node_modules/drizzle-orm/mysql-core/columns/text.d.ts
D:/saas/AgentCoding/V3/Yamato-SaaS/node_modules/drizzle-orm/mysql-core/columns/time.d.ts
D:/saas/AgentCoding/V3/Yamato-SaaS/node_modules/drizzle-orm/mysql-core/columns/date.common.d.ts
D:/saas/AgentCoding/V3/Yamato-SaaS/node_modules/drizzle-orm/mysql-core/columns/timestamp.d.ts
D:/saas/AgentCoding/V3/Yamato-SaaS/node_modules/drizzle-orm/mysql-core/columns/tinyint.d.ts
D:/saas/AgentCoding/V3/Yamato-SaaS/node_modules/drizzle-orm/mysql-core/columns/varbinary.d.ts
D:/saas/AgentCoding/V3/Yamato-SaaS/node_modules/drizzle-orm/mysql-core/columns/varchar.d.ts
D:/saas/AgentCoding/V3/Yamato-SaaS/node_modules/drizzle-orm/mysql-core/columns/year.d.ts
D:/saas/AgentCoding/V3/Yamato-SaaS/node_modules/drizzle-orm/mysql-core/columns/all.d.ts
D:/saas/AgentCoding/V3/Yamato-SaaS/node_modules/drizzle-orm/mysql-core/indexes.d.ts
D:/saas/AgentCoding/V3/Yamato-SaaS/node_modules/drizzle-orm/mysql-core/primary-keys.d.ts
D:/saas/AgentCoding/V3/Yamato-SaaS/node_modules/drizzle-orm/mysql-core/unique-constraint.d.ts
D:/saas/AgentCoding/V3/Yamato-SaaS/node_modules/drizzle-orm/mysql-core/table.d.ts
D:/saas/AgentCoding/V3/Yamato-SaaS/node_modules/drizzle-orm/mysql-core/foreign-keys.d.ts
D:/saas/AgentCoding/V3/Yamato-SaaS/node_modules/drizzle-orm/mysql-core/columns/common.d.ts
D:/saas/AgentCoding/V3/Yamato-SaaS/node_modules/drizzle-orm/mysql-core/columns/bigint.d.ts
D:/saas/AgentCoding/V3/Yamato-SaaS/node_modules/drizzle-orm/mysql-core/columns/index.d.ts
D:/saas/AgentCoding/V3/Yamato-SaaS/node_modules/drizzle-orm/sql/expressions/conditions.d.ts
D:/saas/AgentCoding/V3/Yamato-SaaS/node_modules/drizzle-orm/sql/expressions/select.d.ts
D:/saas/AgentCoding/V3/Yamato-SaaS/node_modules/drizzle-orm/sql/expressions/index.d.ts
D:/saas/AgentCoding/V3/Yamato-SaaS/node_modules/drizzle-orm/sql/functions/aggregate.d.ts
D:/saas/AgentCoding/V3/Yamato-SaaS/node_modules/drizzle-orm/sql/functions/vector.d.ts
D:/saas/AgentCoding/V3/Yamato-SaaS/node_modules/drizzle-orm/sql/functions/index.d.ts
D:/saas/AgentCoding/V3/Yamato-SaaS/node_modules/drizzle-orm/sql/index.d.ts
D:/saas/AgentCoding/V3/Yamato-SaaS/node_modules/drizzle-orm/query-builders/query-builder.d.ts
D:/saas/AgentCoding/V3/Yamato-SaaS/node_modules/drizzle-orm/query-builders/select.types.d.ts
D:/saas/AgentCoding/V3/Yamato-SaaS/node_modules/drizzle-orm/expressions.d.ts
D:/saas/AgentCoding/V3/Yamato-SaaS/node_modules/drizzle-orm/relations.d.ts
D:/saas/AgentCoding/V3/Yamato-SaaS/node_modules/drizzle-orm/migrator.d.ts
D:/saas/AgentCoding/V3/Yamato-SaaS/node_modules/drizzle-orm/query-promise.d.ts
D:/saas/AgentCoding/V3/Yamato-SaaS/node_modules/drizzle-orm/mysql-core/query-builders/delete.d.ts
D:/saas/AgentCoding/V3/Yamato-SaaS/node_modules/drizzle-orm/runnable-query.d.ts
D:/saas/AgentCoding/V3/Yamato-SaaS/node_modules/drizzle-orm/mysql-core/query-builders/update.d.ts
D:/saas/AgentCoding/V3/Yamato-SaaS/node_modules/drizzle-orm/mysql-core/query-builders/insert.d.ts
D:/saas/AgentCoding/V3/Yamato-SaaS/node_modules/drizzle-orm/mysql-core/dialect.d.ts
D:/saas/AgentCoding/V3/Yamato-SaaS/node_modules/drizzle-orm/mysql-core/view-base.d.ts
D:/saas/AgentCoding/V3/Yamato-SaaS/node_modules/drizzle-orm/mysql-core/query-builders/count.d.ts
D:/saas/AgentCoding/V3/Yamato-SaaS/node_modules/drizzle-orm/mysql-core/subquery.d.ts
D:/saas/AgentCoding/V3/Yamato-SaaS/node_modules/drizzle-orm/mysql-core/query-builders/select.d.ts
D:/saas/AgentCoding/V3/Yamato-SaaS/node_modules/drizzle-orm/mysql-core/query-builders/query-builder.d.ts
D:/saas/AgentCoding/V3/Yamato-SaaS/node_modules/drizzle-orm/mysql-core/query-builders/index.d.ts
D:/saas/AgentCoding/V3/Yamato-SaaS/node_modules/drizzle-orm/mysql-core/query-builders/query.d.ts
D:/saas/AgentCoding/V3/Yamato-SaaS/node_modules/drizzle-orm/mysql-core/db.d.ts
D:/saas/AgentCoding/V3/Yamato-SaaS/node_modules/drizzle-orm/mysql-core/session.d.ts
D:/saas/AgentCoding/V3/Yamato-SaaS/node_modules/drizzle-orm/mysql-core/view-common.d.ts
D:/saas/AgentCoding/V3/Yamato-SaaS/node_modules/drizzle-orm/mysql-core/view.d.ts
D:/saas/AgentCoding/V3/Yamato-SaaS/node_modules/drizzle-orm/mysql-core/query-builders/select.types.d.ts
D:/saas/AgentCoding/V3/Yamato-SaaS/node_modules/drizzle-orm/mysql-core/alias.d.ts
D:/saas/AgentCoding/V3/Yamato-SaaS/node_modules/drizzle-orm/mysql-core/schema.d.ts
D:/saas/AgentCoding/V3/Yamato-SaaS/node_modules/drizzle-orm/mysql-core/utils.d.ts
D:/saas/AgentCoding/V3/Yamato-SaaS/node_modules/drizzle-orm/mysql-core/index.d.ts
D:/saas/AgentCoding/V3/Yamato-SaaS/node_modules/drizzle-orm/pg-core/checks.d.ts
D:/saas/AgentCoding/V3/Yamato-SaaS/node_modules/drizzle-orm/pg-core/columns/bigserial.d.ts
D:/saas/AgentCoding/V3/Yamato-SaaS/node_modules/drizzle-orm/pg-core/columns/boolean.d.ts
D:/saas/AgentCoding/V3/Yamato-SaaS/node_modules/drizzle-orm/pg-core/columns/char.d.ts
D:/saas/AgentCoding/V3/Yamato-SaaS/node_modules/drizzle-orm/pg-core/columns/cidr.d.ts
D:/saas/AgentCoding/V3/Yamato-SaaS/node_modules/drizzle-orm/pg-core/columns/custom.d.ts
D:/saas/AgentCoding/V3/Yamato-SaaS/node_modules/drizzle-orm/pg-core/columns/date.common.d.ts
D:/saas/AgentCoding/V3/Yamato-SaaS/node_modules/drizzle-orm/pg-core/columns/date.d.ts
D:/saas/AgentCoding/V3/Yamato-SaaS/node_modules/drizzle-orm/pg-core/columns/double-precision.d.ts
D:/saas/AgentCoding/V3/Yamato-SaaS/node_modules/drizzle-orm/pg-core/columns/inet.d.ts
D:/saas/AgentCoding/V3/Yamato-SaaS/node_modules/drizzle-orm/pg-core/sequence.d.ts
D:/saas/AgentCoding/V3/Yamato-SaaS/node_modules/drizzle-orm/pg-core/columns/int.common.d.ts
D:/saas/AgentCoding/V3/Yamato-SaaS/node_modules/drizzle-orm/pg-core/columns/integer.d.ts
D:/saas/AgentCoding/V3/Yamato-SaaS/node_modules/drizzle-orm/pg-core/columns/timestamp.d.ts
D:/saas/AgentCoding/V3/Yamato-SaaS/node_modules/drizzle-orm/pg-core/columns/interval.d.ts
D:/saas/AgentCoding/V3/Yamato-SaaS/node_modules/drizzle-orm/pg-core/columns/json.d.ts
D:/saas/AgentCoding/V3/Yamato-SaaS/node_modules/drizzle-orm/pg-core/columns/jsonb.d.ts
D:/saas/AgentCoding/V3/Yamato-SaaS/node_modules/drizzle-orm/pg-core/columns/line.d.ts
D:/saas/AgentCoding/V3/Yamato-SaaS/node_modules/drizzle-orm/pg-core/columns/macaddr.d.ts
D:/saas/AgentCoding/V3/Yamato-SaaS/node_modules/drizzle-orm/pg-core/columns/macaddr8.d.ts
D:/saas/AgentCoding/V3/Yamato-SaaS/node_modules/drizzle-orm/pg-core/columns/numeric.d.ts
D:/saas/AgentCoding/V3/Yamato-SaaS/node_modules/drizzle-orm/pg-core/columns/point.d.ts
D:/saas/AgentCoding/V3/Yamato-SaaS/node_modules/drizzle-orm/pg-core/columns/postgis_extension/geometry.d.ts
D:/saas/AgentCoding/V3/Yamato-SaaS/node_modules/drizzle-orm/pg-core/columns/real.d.ts
D:/saas/AgentCoding/V3/Yamato-SaaS/node_modules/drizzle-orm/pg-core/columns/serial.d.ts
D:/saas/AgentCoding/V3/Yamato-SaaS/node_modules/drizzle-orm/pg-core/columns/smallint.d.ts
D:/saas/AgentCoding/V3/Yamato-SaaS/node_modules/drizzle-orm/pg-core/columns/smallserial.d.ts
D:/saas/AgentCoding/V3/Yamato-SaaS/node_modules/drizzle-orm/pg-core/columns/text.d.ts
D:/saas/AgentCoding/V3/Yamato-SaaS/node_modules/drizzle-orm/pg-core/columns/time.d.ts
D:/saas/AgentCoding/V3/Yamato-SaaS/node_modules/drizzle-orm/pg-core/columns/uuid.d.ts
D:/saas/AgentCoding/V3/Yamato-SaaS/node_modules/drizzle-orm/pg-core/columns/varchar.d.ts
D:/saas/AgentCoding/V3/Yamato-SaaS/node_modules/drizzle-orm/pg-core/columns/vector_extension/bit.d.ts
D:/saas/AgentCoding/V3/Yamato-SaaS/node_modules/drizzle-orm/pg-core/columns/vector_extension/halfvec.d.ts
D:/saas/AgentCoding/V3/Yamato-SaaS/node_modules/drizzle-orm/pg-core/columns/vector_extension/sparsevec.d.ts
D:/saas/AgentCoding/V3/Yamato-SaaS/node_modules/drizzle-orm/pg-core/columns/vector_extension/vector.d.ts
D:/saas/AgentCoding/V3/Yamato-SaaS/node_modules/drizzle-orm/pg-core/columns/all.d.ts
D:/saas/AgentCoding/V3/Yamato-SaaS/node_modules/drizzle-orm/pg-core/indexes.d.ts
D:/saas/AgentCoding/V3/Yamato-SaaS/node_modules/drizzle-orm/pg-core/primary-keys.d.ts
D:/saas/AgentCoding/V3/Yamato-SaaS/node_modules/drizzle-orm/pg-core/unique-constraint.d.ts
D:/saas/AgentCoding/V3/Yamato-SaaS/node_modules/drizzle-orm/pg-core/table.d.ts
D:/saas/AgentCoding/V3/Yamato-SaaS/node_modules/drizzle-orm/pg-core/foreign-keys.d.ts
D:/saas/AgentCoding/V3/Yamato-SaaS/node_modules/drizzle-orm/pg-core/columns/common.d.ts
D:/saas/AgentCoding/V3/Yamato-SaaS/node_modules/drizzle-orm/pg-core/columns/bigint.d.ts
D:/saas/AgentCoding/V3/Yamato-SaaS/node_modules/drizzle-orm/pg-core/columns/enum.d.ts
D:/saas/AgentCoding/V3/Yamato-SaaS/node_modules/drizzle-orm/pg-core/columns/index.d.ts
D:/saas/AgentCoding/V3/Yamato-SaaS/node_modules/drizzle-orm/pg-core/view-base.d.ts
D:/saas/AgentCoding/V3/Yamato-SaaS/node_modules/drizzle-orm/session.d.ts
D:/saas/AgentCoding/V3/Yamato-SaaS/node_modules/drizzle-orm/pg-core/query-builders/count.d.ts
D:/saas/AgentCoding/V3/Yamato-SaaS/node_modules/drizzle-orm/pg-core/query-builders/query.d.ts
D:/saas/AgentCoding/V3/Yamato-SaaS/node_modules/drizzle-orm/pg-core/query-builders/raw.d.ts
D:/saas/AgentCoding/V3/Yamato-SaaS/node_modules/drizzle-orm/pg-core/query-builders/refresh-materialized-view.d.ts
D:/saas/AgentCoding/V3/Yamato-SaaS/node_modules/drizzle-orm/pg-core/subquery.d.ts
D:/saas/AgentCoding/V3/Yamato-SaaS/node_modules/drizzle-orm/pg-core/db.d.ts
D:/saas/AgentCoding/V3/Yamato-SaaS/node_modules/drizzle-orm/pg-core/session.d.ts
D:/saas/AgentCoding/V3/Yamato-SaaS/node_modules/drizzle-orm/pg-core/query-builders/delete.d.ts
D:/saas/AgentCoding/V3/Yamato-SaaS/node_modules/drizzle-orm/pg-core/query-builders/update.d.ts
D:/saas/AgentCoding/V3/Yamato-SaaS/node_modules/drizzle-orm/pg-core/query-builders/insert.d.ts
D:/saas/AgentCoding/V3/Yamato-SaaS/node_modules/drizzle-orm/pg-core/query-builders/select.d.ts
D:/saas/AgentCoding/V3/Yamato-SaaS/node_modules/drizzle-orm/pg-core/query-builders/index.d.ts
D:/saas/AgentCoding/V3/Yamato-SaaS/node_modules/drizzle-orm/pg-core/dialect.d.ts
D:/saas/AgentCoding/V3/Yamato-SaaS/node_modules/drizzle-orm/pg-core/query-builders/query-builder.d.ts
D:/saas/AgentCoding/V3/Yamato-SaaS/node_modules/drizzle-orm/pg-core/view-common.d.ts
D:/saas/AgentCoding/V3/Yamato-SaaS/node_modules/drizzle-orm/pg-core/view.d.ts
D:/saas/AgentCoding/V3/Yamato-SaaS/node_modules/drizzle-orm/pg-core/query-builders/select.types.d.ts
D:/saas/AgentCoding/V3/Yamato-SaaS/node_modules/drizzle-orm/pg-core/alias.d.ts
D:/saas/AgentCoding/V3/Yamato-SaaS/node_modules/drizzle-orm/pg-core/schema.d.ts
D:/saas/AgentCoding/V3/Yamato-SaaS/node_modules/drizzle-orm/pg-core/utils.d.ts
D:/saas/AgentCoding/V3/Yamato-SaaS/node_modules/drizzle-orm/pg-core/utils/array.d.ts
D:/saas/AgentCoding/V3/Yamato-SaaS/node_modules/drizzle-orm/pg-core/utils/index.d.ts
D:/saas/AgentCoding/V3/Yamato-SaaS/node_modules/drizzle-orm/pg-core/index.d.ts
D:/saas/AgentCoding/V3/Yamato-SaaS/node_modules/drizzle-orm/sqlite-core/checks.d.ts
D:/saas/AgentCoding/V3/Yamato-SaaS/node_modules/drizzle-orm/sqlite-core/columns/custom.d.ts
D:/saas/AgentCoding/V3/Yamato-SaaS/node_modules/drizzle-orm/sqlite-core/indexes.d.ts
D:/saas/AgentCoding/V3/Yamato-SaaS/node_modules/drizzle-orm/sqlite-core/primary-keys.d.ts
D:/saas/AgentCoding/V3/Yamato-SaaS/node_modules/drizzle-orm/sqlite-core/unique-constraint.d.ts
D:/saas/AgentCoding/V3/Yamato-SaaS/node_modules/drizzle-orm/sqlite-core/query-builders/count.d.ts
D:/saas/AgentCoding/V3/Yamato-SaaS/node_modules/drizzle-orm/sqlite-core/query-builders/query.d.ts
D:/saas/AgentCoding/V3/Yamato-SaaS/node_modules/drizzle-orm/sqlite-core/subquery.d.ts
D:/saas/AgentCoding/V3/Yamato-SaaS/node_modules/drizzle-orm/sqlite-core/view-base.d.ts
D:/saas/AgentCoding/V3/Yamato-SaaS/node_modules/drizzle-orm/sqlite-core/db.d.ts
D:/saas/AgentCoding/V3/Yamato-SaaS/node_modules/drizzle-orm/sqlite-core/query-builders/raw.d.ts
D:/saas/AgentCoding/V3/Yamato-SaaS/node_modules/drizzle-orm/sqlite-core/session.d.ts
D:/saas/AgentCoding/V3/Yamato-SaaS/node_modules/drizzle-orm/sqlite-core/query-builders/delete.d.ts
D:/saas/AgentCoding/V3/Yamato-SaaS/node_modules/drizzle-orm/sqlite-core/query-builders/update.d.ts
D:/saas/AgentCoding/V3/Yamato-SaaS/node_modules/drizzle-orm/sqlite-core/query-builders/insert.d.ts
D:/saas/AgentCoding/V3/Yamato-SaaS/node_modules/drizzle-orm/sqlite-core/query-builders/select.d.ts
D:/saas/AgentCoding/V3/Yamato-SaaS/node_modules/drizzle-orm/sqlite-core/query-builders/index.d.ts
D:/saas/AgentCoding/V3/Yamato-SaaS/node_modules/drizzle-orm/sqlite-core/dialect.d.ts
D:/saas/AgentCoding/V3/Yamato-SaaS/node_modules/drizzle-orm/sqlite-core/query-builders/query-builder.d.ts
D:/saas/AgentCoding/V3/Yamato-SaaS/node_modules/drizzle-orm/sqlite-core/view.d.ts
D:/saas/AgentCoding/V3/Yamato-SaaS/node_modules/drizzle-orm/sqlite-core/utils.d.ts
D:/saas/AgentCoding/V3/Yamato-SaaS/node_modules/drizzle-orm/sqlite-core/columns/integer.d.ts
D:/saas/AgentCoding/V3/Yamato-SaaS/node_modules/drizzle-orm/sqlite-core/columns/numeric.d.ts
D:/saas/AgentCoding/V3/Yamato-SaaS/node_modules/drizzle-orm/sqlite-core/columns/real.d.ts
D:/saas/AgentCoding/V3/Yamato-SaaS/node_modules/drizzle-orm/sqlite-core/columns/text.d.ts
D:/saas/AgentCoding/V3/Yamato-SaaS/node_modules/drizzle-orm/sqlite-core/columns/all.d.ts
D:/saas/AgentCoding/V3/Yamato-SaaS/node_modules/drizzle-orm/sqlite-core/table.d.ts
D:/saas/AgentCoding/V3/Yamato-SaaS/node_modules/drizzle-orm/sqlite-core/foreign-keys.d.ts
D:/saas/AgentCoding/V3/Yamato-SaaS/node_modules/drizzle-orm/sqlite-core/columns/common.d.ts
D:/saas/AgentCoding/V3/Yamato-SaaS/node_modules/drizzle-orm/sqlite-core/columns/blob.d.ts
D:/saas/AgentCoding/V3/Yamato-SaaS/node_modules/drizzle-orm/sqlite-core/columns/index.d.ts
D:/saas/AgentCoding/V3/Yamato-SaaS/node_modules/drizzle-orm/sqlite-core/query-builders/select.types.d.ts
D:/saas/AgentCoding/V3/Yamato-SaaS/node_modules/drizzle-orm/sqlite-core/alias.d.ts
D:/saas/AgentCoding/V3/Yamato-SaaS/node_modules/drizzle-orm/sqlite-core/index.d.ts
D:/saas/AgentCoding/V3/Yamato-SaaS/node_modules/drizzle-orm/column-builder.d.ts
D:/saas/AgentCoding/V3/Yamato-SaaS/node_modules/drizzle-orm/column.d.ts
D:/saas/AgentCoding/V3/Yamato-SaaS/node_modules/drizzle-orm/alias.d.ts
D:/saas/AgentCoding/V3/Yamato-SaaS/node_modules/drizzle-orm/errors.d.ts
D:/saas/AgentCoding/V3/Yamato-SaaS/node_modules/drizzle-orm/view-common.d.ts
D:/saas/AgentCoding/V3/Yamato-SaaS/node_modules/drizzle-orm/index.d.ts
D:/saas/AgentCoding/V3/Yamato-SaaS/node_modules/@electric-sql/pglite/dist/pglite-Csk75SCB.d.ts
D:/saas/AgentCoding/V3/Yamato-SaaS/node_modules/@electric-sql/pglite/dist/index.d.ts
D:/saas/AgentCoding/V3/Yamato-SaaS/node_modules/pg-types/index.d.ts
D:/saas/AgentCoding/V3/Yamato-SaaS/node_modules/pg-protocol/dist/messages.d.ts
D:/saas/AgentCoding/V3/Yamato-SaaS/node_modules/pg-protocol/dist/serializer.d.ts
D:/saas/AgentCoding/V3/Yamato-SaaS/node_modules/pg-protocol/dist/parser.d.ts
D:/saas/AgentCoding/V3/Yamato-SaaS/node_modules/pg-protocol/dist/index.d.ts
D:/saas/AgentCoding/V3/Yamato-SaaS/node_modules/@types/pg/lib/type-overrides.d.ts
D:/saas/AgentCoding/V3/Yamato-SaaS/node_modules/@types/pg/index.d.ts
D:/saas/AgentCoding/V3/Yamato-SaaS/node_modules/@types/pg/index.d.mts
D:/saas/AgentCoding/V3/Yamato-SaaS/node_modules/drizzle-orm/node-postgres/session.d.ts
D:/saas/AgentCoding/V3/Yamato-SaaS/node_modules/drizzle-orm/node-postgres/driver.d.ts
D:/saas/AgentCoding/V3/Yamato-SaaS/node_modules/drizzle-orm/node-postgres/index.d.ts
D:/saas/AgentCoding/V3/Yamato-SaaS/node_modules/drizzle-orm/node-postgres/migrator.d.ts
D:/saas/AgentCoding/V3/Yamato-SaaS/node_modules/drizzle-orm/pglite/session.d.ts
D:/saas/AgentCoding/V3/Yamato-SaaS/node_modules/drizzle-orm/pglite/driver.d.ts
D:/saas/AgentCoding/V3/Yamato-SaaS/node_modules/drizzle-orm/pglite/index.d.ts
D:/saas/AgentCoding/V3/Yamato-SaaS/node_modules/drizzle-orm/pglite/migrator.d.ts
D:/saas/AgentCoding/V3/Yamato-SaaS/src/models/Schema.ts
D:/saas/AgentCoding/V3/Yamato-SaaS/node_modules/zod/dist/types/v3/helpers/typeAliases.d.ts
D:/saas/AgentCoding/V3/Yamato-SaaS/node_modules/zod/dist/types/v3/helpers/util.d.ts
D:/saas/AgentCoding/V3/Yamato-SaaS/node_modules/zod/dist/types/v3/ZodError.d.ts
D:/saas/AgentCoding/V3/Yamato-SaaS/node_modules/zod/dist/types/v3/locales/en.d.ts
D:/saas/AgentCoding/V3/Yamato-SaaS/node_modules/zod/dist/types/v3/errors.d.ts
D:/saas/AgentCoding/V3/Yamato-SaaS/node_modules/zod/dist/types/v3/helpers/parseUtil.d.ts
D:/saas/AgentCoding/V3/Yamato-SaaS/node_modules/zod/dist/types/v3/helpers/enumUtil.d.ts
D:/saas/AgentCoding/V3/Yamato-SaaS/node_modules/zod/dist/types/v3/helpers/errorUtil.d.ts
D:/saas/AgentCoding/V3/Yamato-SaaS/node_modules/zod/dist/types/v3/helpers/partialUtil.d.ts
D:/saas/AgentCoding/V3/Yamato-SaaS/node_modules/zod/dist/types/v3/standard-schema.d.ts
D:/saas/AgentCoding/V3/Yamato-SaaS/node_modules/zod/dist/types/v3/types.d.ts
D:/saas/AgentCoding/V3/Yamato-SaaS/node_modules/zod/dist/types/v3/external.d.ts
D:/saas/AgentCoding/V3/Yamato-SaaS/node_modules/zod/dist/types/v3/index.d.ts
D:/saas/AgentCoding/V3/Yamato-SaaS/node_modules/zod/dist/types/index.d.ts
D:/saas/AgentCoding/V3/Yamato-SaaS/node_modules/@t3-oss/env-core/dist/index.d.ts
D:/saas/AgentCoding/V3/Yamato-SaaS/node_modules/@t3-oss/env-nextjs/dist/index.d.ts
D:/saas/AgentCoding/V3/Yamato-SaaS/src/libs/Env.ts
D:/saas/AgentCoding/V3/Yamato-SaaS/src/libs/DB.ts
D:/saas/AgentCoding/V3/Yamato-SaaS/scripts/apply-stored-procedures.ts
D:/saas/AgentCoding/V3/Yamato-SaaS/scripts/enhanced-generate-advanced-entity-V2.ts
D:/saas/AgentCoding/V3/Yamato-SaaS/scripts/enhanced-generate-advanced-entity-V3-complete.ts
D:/saas/AgentCoding/V3/Yamato-SaaS/scripts/enhanced-generate-advanced-entity-V3-configurable.ts
D:/saas/AgentCoding/V3/Yamato-SaaS/scripts/enhanced-generate-advanced-entity-V3-with-relations.ts
D:/saas/AgentCoding/V3/Yamato-SaaS/scripts/generate-advanced-entity.ts
D:/saas/AgentCoding/V3/Yamato-SaaS/scripts/generate-entity.ts
D:/saas/AgentCoding/V3/Yamato-SaaS/scripts/simple-plandetail-generator.ts
D:/saas/AgentCoding/V3/Yamato-SaaS/node_modules/form-data/index.d.ts
D:/saas/AgentCoding/V3/Yamato-SaaS/node_modules/@types/node-fetch/externals.d.ts
D:/saas/AgentCoding/V3/Yamato-SaaS/node_modules/@types/node-fetch/index.d.ts
D:/saas/AgentCoding/V3/Yamato-SaaS/scripts/sync-clerk-users.ts
D:/saas/AgentCoding/V3/Yamato-SaaS/scripts/test-config.ts
D:/saas/AgentCoding/V3/Yamato-SaaS/scripts/configs/plandetail-config.ts
D:/saas/AgentCoding/V3/Yamato-SaaS/src/instrumentation.ts
D:/saas/AgentCoding/V3/Yamato-SaaS/node_modules/@clerk/types/dist/index.d.ts
D:/saas/AgentCoding/V3/Yamato-SaaS/node_modules/@clerk/shared/dist/pathMatcher.d.mts
D:/saas/AgentCoding/V3/Yamato-SaaS/node_modules/@clerk/nextjs/dist/types/server/routeMatcher.d.ts
D:/saas/AgentCoding/V3/Yamato-SaaS/node_modules/@clerk/shared/dist/telemetry.d.mts
D:/saas/AgentCoding/V3/Yamato-SaaS/node_modules/@clerk/backend/dist/api/resources/Enums.d.ts
D:/saas/AgentCoding/V3/Yamato-SaaS/node_modules/@clerk/backend/dist/api/resources/JSON.d.ts
D:/saas/AgentCoding/V3/Yamato-SaaS/node_modules/@clerk/backend/dist/api/resources/ActorToken.d.ts
D:/saas/AgentCoding/V3/Yamato-SaaS/node_modules/@clerk/backend/dist/api/request.d.ts
D:/saas/AgentCoding/V3/Yamato-SaaS/node_modules/@clerk/backend/dist/api/endpoints/AbstractApi.d.ts
D:/saas/AgentCoding/V3/Yamato-SaaS/node_modules/@clerk/backend/dist/api/endpoints/ActorTokenApi.d.ts
D:/saas/AgentCoding/V3/Yamato-SaaS/node_modules/@clerk/backend/dist/api/resources/AccountlessApplication.d.ts
D:/saas/AgentCoding/V3/Yamato-SaaS/node_modules/@clerk/backend/dist/api/endpoints/AccountlessApplicationsAPI.d.ts
D:/saas/AgentCoding/V3/Yamato-SaaS/node_modules/@clerk/backend/dist/api/resources/AllowlistIdentifier.d.ts
D:/saas/AgentCoding/V3/Yamato-SaaS/node_modules/@clerk/backend/dist/api/resources/DeletedObject.d.ts
D:/saas/AgentCoding/V3/Yamato-SaaS/node_modules/@clerk/backend/dist/api/resources/Deserializer.d.ts
D:/saas/AgentCoding/V3/Yamato-SaaS/node_modules/@clerk/backend/dist/api/endpoints/AllowlistIdentifierApi.d.ts
D:/saas/AgentCoding/V3/Yamato-SaaS/node_modules/@clerk/backend/dist/api/resources/APIKey.d.ts
D:/saas/AgentCoding/V3/Yamato-SaaS/node_modules/@clerk/backend/dist/api/endpoints/APIKeysApi.d.ts
D:/saas/AgentCoding/V3/Yamato-SaaS/node_modules/@clerk/backend/dist/api/endpoints/BetaFeaturesApi.d.ts
D:/saas/AgentCoding/V3/Yamato-SaaS/node_modules/@clerk/backend/dist/api/resources/BlocklistIdentifier.d.ts
D:/saas/AgentCoding/V3/Yamato-SaaS/node_modules/@clerk/backend/dist/api/endpoints/BlocklistIdentifierApi.d.ts
D:/saas/AgentCoding/V3/Yamato-SaaS/node_modules/@clerk/backend/dist/api/resources/Session.d.ts
D:/saas/AgentCoding/V3/Yamato-SaaS/node_modules/@clerk/backend/dist/api/resources/Client.d.ts
D:/saas/AgentCoding/V3/Yamato-SaaS/node_modules/@clerk/backend/dist/api/resources/HandshakePayload.d.ts
D:/saas/AgentCoding/V3/Yamato-SaaS/node_modules/@clerk/backend/dist/api/endpoints/ClientApi.d.ts
D:/saas/AgentCoding/V3/Yamato-SaaS/node_modules/@clerk/backend/dist/api/resources/CnameTarget.d.ts
D:/saas/AgentCoding/V3/Yamato-SaaS/node_modules/@clerk/backend/dist/api/resources/Domain.d.ts
D:/saas/AgentCoding/V3/Yamato-SaaS/node_modules/@clerk/backend/dist/api/endpoints/DomainApi.d.ts
D:/saas/AgentCoding/V3/Yamato-SaaS/node_modules/@clerk/backend/dist/api/resources/Cookies.d.ts
D:/saas/AgentCoding/V3/Yamato-SaaS/node_modules/@clerk/backend/dist/api/resources/Email.d.ts
D:/saas/AgentCoding/V3/Yamato-SaaS/node_modules/@clerk/backend/dist/api/resources/IdentificationLink.d.ts
D:/saas/AgentCoding/V3/Yamato-SaaS/node_modules/@clerk/backend/dist/api/resources/Verification.d.ts
D:/saas/AgentCoding/V3/Yamato-SaaS/node_modules/@clerk/backend/dist/api/resources/EmailAddress.d.ts
D:/saas/AgentCoding/V3/Yamato-SaaS/node_modules/@clerk/backend/dist/api/resources/ExternalAccount.d.ts
D:/saas/AgentCoding/V3/Yamato-SaaS/node_modules/@clerk/backend/dist/api/resources/IdPOAuthAccessToken.d.ts
D:/saas/AgentCoding/V3/Yamato-SaaS/node_modules/@clerk/backend/dist/api/resources/Instance.d.ts
D:/saas/AgentCoding/V3/Yamato-SaaS/node_modules/@clerk/backend/dist/api/resources/InstanceRestrictions.d.ts
D:/saas/AgentCoding/V3/Yamato-SaaS/node_modules/@clerk/backend/dist/api/resources/InstanceSettings.d.ts
D:/saas/AgentCoding/V3/Yamato-SaaS/node_modules/@clerk/backend/dist/api/resources/Invitation.d.ts
D:/saas/AgentCoding/V3/Yamato-SaaS/node_modules/@clerk/backend/dist/api/resources/MachineToken.d.ts
D:/saas/AgentCoding/V3/Yamato-SaaS/node_modules/@clerk/backend/dist/api/resources/JwtTemplate.d.ts
D:/saas/AgentCoding/V3/Yamato-SaaS/node_modules/@clerk/backend/dist/api/resources/OauthAccessToken.d.ts
D:/saas/AgentCoding/V3/Yamato-SaaS/node_modules/@clerk/backend/dist/api/resources/OAuthApplication.d.ts
D:/saas/AgentCoding/V3/Yamato-SaaS/node_modules/@clerk/backend/dist/api/resources/Organization.d.ts
D:/saas/AgentCoding/V3/Yamato-SaaS/node_modules/@clerk/backend/dist/api/resources/OrganizationDomain.d.ts
D:/saas/AgentCoding/V3/Yamato-SaaS/node_modules/@clerk/backend/dist/api/resources/OrganizationInvitation.d.ts
D:/saas/AgentCoding/V3/Yamato-SaaS/node_modules/@clerk/backend/dist/api/resources/OrganizationMembership.d.ts
D:/saas/AgentCoding/V3/Yamato-SaaS/node_modules/@clerk/backend/dist/api/resources/OrganizationSettings.d.ts
D:/saas/AgentCoding/V3/Yamato-SaaS/node_modules/@clerk/backend/dist/api/resources/PhoneNumber.d.ts
D:/saas/AgentCoding/V3/Yamato-SaaS/node_modules/@clerk/backend/dist/api/resources/ProxyCheck.d.ts
D:/saas/AgentCoding/V3/Yamato-SaaS/node_modules/@clerk/backend/dist/api/resources/RedirectUrl.d.ts
D:/saas/AgentCoding/V3/Yamato-SaaS/node_modules/@clerk/backend/dist/api/resources/SamlConnection.d.ts
D:/saas/AgentCoding/V3/Yamato-SaaS/node_modules/@clerk/backend/dist/api/resources/SamlAccount.d.ts
D:/saas/AgentCoding/V3/Yamato-SaaS/node_modules/@clerk/backend/dist/api/resources/SignInTokens.d.ts
D:/saas/AgentCoding/V3/Yamato-SaaS/node_modules/@clerk/backend/dist/api/resources/SignUpAttempt.d.ts
D:/saas/AgentCoding/V3/Yamato-SaaS/node_modules/@clerk/backend/dist/api/resources/SMSMessage.d.ts
D:/saas/AgentCoding/V3/Yamato-SaaS/node_modules/@clerk/backend/dist/api/resources/TestingToken.d.ts
D:/saas/AgentCoding/V3/Yamato-SaaS/node_modules/@clerk/backend/dist/api/resources/Token.d.ts
D:/saas/AgentCoding/V3/Yamato-SaaS/node_modules/@clerk/backend/dist/api/resources/Web3Wallet.d.ts
D:/saas/AgentCoding/V3/Yamato-SaaS/node_modules/@clerk/backend/dist/api/resources/User.d.ts
D:/saas/AgentCoding/V3/Yamato-SaaS/node_modules/@clerk/backend/dist/api/resources/WaitlistEntry.d.ts
D:/saas/AgentCoding/V3/Yamato-SaaS/node_modules/@clerk/backend/dist/api/resources/Webhooks.d.ts
D:/saas/AgentCoding/V3/Yamato-SaaS/node_modules/@clerk/backend/dist/api/resources/index.d.ts
D:/saas/AgentCoding/V3/Yamato-SaaS/node_modules/@clerk/backend/dist/api/endpoints/EmailAddressApi.d.ts
D:/saas/AgentCoding/V3/Yamato-SaaS/node_modules/@clerk/backend/dist/api/endpoints/IdPOAuthAccessTokenApi.d.ts
D:/saas/AgentCoding/V3/Yamato-SaaS/node_modules/@clerk/backend/dist/api/endpoints/InstanceApi.d.ts
D:/saas/AgentCoding/V3/Yamato-SaaS/node_modules/@clerk/backend/dist/api/endpoints/InvitationApi.d.ts
D:/saas/AgentCoding/V3/Yamato-SaaS/node_modules/@clerk/backend/dist/api/endpoints/MachineTokensApi.d.ts
D:/saas/AgentCoding/V3/Yamato-SaaS/node_modules/@clerk/backend/dist/api/endpoints/JwksApi.d.ts
D:/saas/AgentCoding/V3/Yamato-SaaS/node_modules/@clerk/backend/dist/api/endpoints/JwtTemplatesApi.d.ts
D:/saas/AgentCoding/V3/Yamato-SaaS/node_modules/@clerk/backend/dist/api/endpoints/util-types.d.ts
D:/saas/AgentCoding/V3/Yamato-SaaS/node_modules/@clerk/backend/dist/api/endpoints/OrganizationApi.d.ts
D:/saas/AgentCoding/V3/Yamato-SaaS/node_modules/@clerk/backend/dist/api/endpoints/OAuthApplicationsApi.d.ts
D:/saas/AgentCoding/V3/Yamato-SaaS/node_modules/@clerk/backend/dist/api/endpoints/PhoneNumberApi.d.ts
D:/saas/AgentCoding/V3/Yamato-SaaS/node_modules/@clerk/backend/dist/api/endpoints/ProxyCheckApi.d.ts
D:/saas/AgentCoding/V3/Yamato-SaaS/node_modules/@clerk/backend/dist/api/endpoints/RedirectUrlApi.d.ts
D:/saas/AgentCoding/V3/Yamato-SaaS/node_modules/@clerk/backend/dist/api/endpoints/SamlConnectionApi.d.ts
D:/saas/AgentCoding/V3/Yamato-SaaS/node_modules/@clerk/backend/dist/api/endpoints/SessionApi.d.ts
D:/saas/AgentCoding/V3/Yamato-SaaS/node_modules/@clerk/backend/dist/api/endpoints/SignInTokenApi.d.ts
D:/saas/AgentCoding/V3/Yamato-SaaS/node_modules/@clerk/backend/dist/api/endpoints/SignUpApi.d.ts
D:/saas/AgentCoding/V3/Yamato-SaaS/node_modules/@clerk/backend/dist/api/endpoints/TestingTokenApi.d.ts
D:/saas/AgentCoding/V3/Yamato-SaaS/node_modules/@clerk/backend/dist/api/endpoints/UserApi.d.ts
D:/saas/AgentCoding/V3/Yamato-SaaS/node_modules/@clerk/backend/dist/api/endpoints/WaitlistEntryApi.d.ts
D:/saas/AgentCoding/V3/Yamato-SaaS/node_modules/@clerk/backend/dist/api/endpoints/WebhookApi.d.ts
D:/saas/AgentCoding/V3/Yamato-SaaS/node_modules/@clerk/backend/dist/api/endpoints/index.d.ts
D:/saas/AgentCoding/V3/Yamato-SaaS/node_modules/@clerk/backend/dist/api/factory.d.ts
D:/saas/AgentCoding/V3/Yamato-SaaS/node_modules/@clerk/backend/dist/api/index.d.ts
D:/saas/AgentCoding/V3/Yamato-SaaS/node_modules/@clerk/backend/dist/errors.d.ts
D:/saas/AgentCoding/V3/Yamato-SaaS/node_modules/@clerk/backend/dist/tokens/clerkUrl.d.ts
D:/saas/AgentCoding/V3/Yamato-SaaS/node_modules/@clerk/backend/dist/tokens/clerkRequest.d.ts
D:/saas/AgentCoding/V3/Yamato-SaaS/node_modules/@clerk/shared/dist/pathToRegexp.d.mts
D:/saas/AgentCoding/V3/Yamato-SaaS/node_modules/@clerk/backend/dist/tokens/tokenTypes.d.ts
D:/saas/AgentCoding/V3/Yamato-SaaS/node_modules/@clerk/backend/dist/tokens/authObjects.d.ts
D:/saas/AgentCoding/V3/Yamato-SaaS/node_modules/@clerk/backend/dist/jwt/types.d.ts
D:/saas/AgentCoding/V3/Yamato-SaaS/node_modules/@clerk/backend/dist/jwt/verifyJwt.d.ts
D:/saas/AgentCoding/V3/Yamato-SaaS/node_modules/@clerk/backend/dist/jwt/signJwt.d.ts
D:/saas/AgentCoding/V3/Yamato-SaaS/node_modules/@clerk/backend/dist/jwt/index.d.ts
D:/saas/AgentCoding/V3/Yamato-SaaS/node_modules/@clerk/backend/dist/tokens/keys.d.ts
D:/saas/AgentCoding/V3/Yamato-SaaS/node_modules/@clerk/backend/dist/tokens/verify.d.ts
D:/saas/AgentCoding/V3/Yamato-SaaS/node_modules/@clerk/backend/dist/tokens/types.d.ts
D:/saas/AgentCoding/V3/Yamato-SaaS/node_modules/@clerk/backend/dist/tokens/authenticateContext.d.ts
D:/saas/AgentCoding/V3/Yamato-SaaS/node_modules/@clerk/backend/dist/tokens/authStatus.d.ts
D:/saas/AgentCoding/V3/Yamato-SaaS/node_modules/@clerk/backend/dist/tokens/request.d.ts
D:/saas/AgentCoding/V3/Yamato-SaaS/node_modules/@clerk/backend/dist/tokens/factory.d.ts
D:/saas/AgentCoding/V3/Yamato-SaaS/node_modules/@clerk/backend/dist/index.d.ts
D:/saas/AgentCoding/V3/Yamato-SaaS/node_modules/@clerk/nextjs/dist/types/server/clerkClient.d.ts
D:/saas/AgentCoding/V3/Yamato-SaaS/node_modules/@clerk/backend/dist/constants.d.ts
D:/saas/AgentCoding/V3/Yamato-SaaS/node_modules/@clerk/backend/dist/createRedirect.d.ts
D:/saas/AgentCoding/V3/Yamato-SaaS/node_modules/@clerk/backend/dist/util/decorateObjectWithResources.d.ts
D:/saas/AgentCoding/V3/Yamato-SaaS/node_modules/@clerk/shared/dist/authorization-errors.d.mts
D:/saas/AgentCoding/V3/Yamato-SaaS/node_modules/@clerk/backend/dist/tokens/machine.d.ts
D:/saas/AgentCoding/V3/Yamato-SaaS/node_modules/@clerk/backend/dist/internal.d.ts
D:/saas/AgentCoding/V3/Yamato-SaaS/node_modules/@clerk/nextjs/dist/types/utils/debugLogger.d.ts
D:/saas/AgentCoding/V3/Yamato-SaaS/node_modules/@clerk/nextjs/dist/types/server/types.d.ts
D:/saas/AgentCoding/V3/Yamato-SaaS/node_modules/@clerk/nextjs/dist/types/server/data/getAuthDataFromRequest.d.ts
D:/saas/AgentCoding/V3/Yamato-SaaS/node_modules/@clerk/nextjs/dist/types/server/createGetAuth.d.ts
D:/saas/AgentCoding/V3/Yamato-SaaS/node_modules/@clerk/nextjs/dist/types/server/buildClerkProps.d.ts
D:/saas/AgentCoding/V3/Yamato-SaaS/node_modules/@clerk/nextjs/dist/types/server/protect.d.ts
D:/saas/AgentCoding/V3/Yamato-SaaS/node_modules/@clerk/nextjs/dist/types/app-router/server/auth.d.ts
D:/saas/AgentCoding/V3/Yamato-SaaS/node_modules/@clerk/nextjs/dist/types/app-router/server/currentUser.d.ts
D:/saas/AgentCoding/V3/Yamato-SaaS/node_modules/@clerk/nextjs/dist/types/server/content-security-policy.d.ts
D:/saas/AgentCoding/V3/Yamato-SaaS/node_modules/@clerk/nextjs/dist/types/server/clerkMiddleware.d.ts
D:/saas/AgentCoding/V3/Yamato-SaaS/node_modules/@clerk/nextjs/dist/types/server/index.d.ts
D:/saas/AgentCoding/V3/Yamato-SaaS/node_modules/next-intl/dist/types/src/routing/types.d.ts
D:/saas/AgentCoding/V3/Yamato-SaaS/node_modules/next-intl/dist/types/src/routing/config.d.ts
D:/saas/AgentCoding/V3/Yamato-SaaS/node_modules/next-intl/dist/types/src/middleware/middleware.d.ts
D:/saas/AgentCoding/V3/Yamato-SaaS/node_modules/next-intl/dist/types/src/middleware/index.d.ts
D:/saas/AgentCoding/V3/Yamato-SaaS/node_modules/next-intl/dist/types/src/middleware.d.ts
D:/saas/AgentCoding/V3/Yamato-SaaS/node_modules/next-intl/middleware.d.ts
D:/saas/AgentCoding/V3/Yamato-SaaS/src/types/Enum.ts
D:/saas/AgentCoding/V3/Yamato-SaaS/src/types/Subscription.ts
D:/saas/AgentCoding/V3/Yamato-SaaS/src/utils/AppConfig.ts
D:/saas/AgentCoding/V3/Yamato-SaaS/src/middleware.ts
D:/saas/AgentCoding/V3/Yamato-SaaS/node_modules/clsx/clsx.d.mts
D:/saas/AgentCoding/V3/Yamato-SaaS/node_modules/tailwind-merge/dist/types.d.ts
D:/saas/AgentCoding/V3/Yamato-SaaS/src/utils/Helpers.ts
D:/saas/AgentCoding/V3/Yamato-SaaS/src/app/robots.ts
D:/saas/AgentCoding/V3/Yamato-SaaS/src/app/sitemap.ts
D:/saas/AgentCoding/V3/Yamato-SaaS/src/app/api/debug-product/route.ts
D:/saas/AgentCoding/V3/Yamato-SaaS/src/types/product.ts
D:/saas/AgentCoding/V3/Yamato-SaaS/src/libs/queries/product.ts
D:/saas/AgentCoding/V3/Yamato-SaaS/src/app/api/debug-products/route.ts
D:/saas/AgentCoding/V3/Yamato-SaaS/src/types/note.ts
D:/saas/AgentCoding/V3/Yamato-SaaS/src/libs/queries/note.ts
D:/saas/AgentCoding/V3/Yamato-SaaS/src/libs/validations/note.ts
D:/saas/AgentCoding/V3/Yamato-SaaS/src/app/api/notes/route.ts
D:/saas/AgentCoding/V3/Yamato-SaaS/src/app/api/notes/[id]/route.ts
D:/saas/AgentCoding/V3/Yamato-SaaS/src/app/api/notes/stats/route.ts
D:/saas/AgentCoding/V3/Yamato-SaaS/src/app/api/organization-profile/sync-users/route.ts
D:/saas/AgentCoding/V3/Yamato-SaaS/src/types/plan.ts
D:/saas/AgentCoding/V3/Yamato-SaaS/src/types/plandetail.ts
D:/saas/AgentCoding/V3/Yamato-SaaS/src/libs/queries/plandetail.ts
D:/saas/AgentCoding/V3/Yamato-SaaS/src/libs/validations/plandetail.ts
D:/saas/AgentCoding/V3/Yamato-SaaS/src/app/api/plandetails/route.ts
D:/saas/AgentCoding/V3/Yamato-SaaS/src/app/api/plandetails/[id]/route.ts
D:/saas/AgentCoding/V3/Yamato-SaaS/src/app/api/plandetails/relations/options/route.ts
D:/saas/AgentCoding/V3/Yamato-SaaS/src/libs/queries/plan.ts
D:/saas/AgentCoding/V3/Yamato-SaaS/src/libs/validations/plan.ts
D:/saas/AgentCoding/V3/Yamato-SaaS/src/app/api/plans/route.ts
D:/saas/AgentCoding/V3/Yamato-SaaS/src/app/api/plans/[id]/route.ts
D:/saas/AgentCoding/V3/Yamato-SaaS/node_modules/xlsx/types/index.d.ts
D:/saas/AgentCoding/V3/Yamato-SaaS/src/types/productionStep.ts
D:/saas/AgentCoding/V3/Yamato-SaaS/src/types/user_sync.ts
D:/saas/AgentCoding/V3/Yamato-SaaS/src/utils/excelHelpers.ts
D:/saas/AgentCoding/V3/Yamato-SaaS/src/app/api/plans/export/route.ts
D:/saas/AgentCoding/V3/Yamato-SaaS/src/types/import.ts
D:/saas/AgentCoding/V3/Yamato-SaaS/src/libs/validations/product.ts
D:/saas/AgentCoding/V3/Yamato-SaaS/src/libs/validations/productionStep.ts
D:/saas/AgentCoding/V3/Yamato-SaaS/src/libs/validations/user_sync.ts
D:/saas/AgentCoding/V3/Yamato-SaaS/src/utils/excelImportHelpers.ts
D:/saas/AgentCoding/V3/Yamato-SaaS/src/app/api/plans/import/route.ts
D:/saas/AgentCoding/V3/Yamato-SaaS/src/app/api/plans/stats/route.ts
D:/saas/AgentCoding/V3/Yamato-SaaS/src/types/process.ts
D:/saas/AgentCoding/V3/Yamato-SaaS/src/libs/queries/process.ts
D:/saas/AgentCoding/V3/Yamato-SaaS/src/libs/validations/process.ts
D:/saas/AgentCoding/V3/Yamato-SaaS/src/app/api/processes/route.ts
D:/saas/AgentCoding/V3/Yamato-SaaS/src/app/api/processes/[id]/route.ts
D:/saas/AgentCoding/V3/Yamato-SaaS/src/app/api/processes/export/route.ts
D:/saas/AgentCoding/V3/Yamato-SaaS/src/app/api/processes/import/route.ts
D:/saas/AgentCoding/V3/Yamato-SaaS/src/app/api/processes/stats/route.ts
D:/saas/AgentCoding/V3/Yamato-SaaS/src/types/productStepCrosstab.ts
D:/saas/AgentCoding/V3/Yamato-SaaS/src/libs/queries/productStepCrosstab.ts
D:/saas/AgentCoding/V3/Yamato-SaaS/src/app/api/product-step-crosstab/route.ts
D:/saas/AgentCoding/V3/Yamato-SaaS/node_modules/exceljs/index.d.ts
D:/saas/AgentCoding/V3/Yamato-SaaS/src/app/api/product-step-crosstab/export/route.ts
D:/saas/AgentCoding/V3/Yamato-SaaS/src/app/api/product-step-crosstab/product-codes/route.ts
D:/saas/AgentCoding/V3/Yamato-SaaS/src/types/productionStepDetail.ts
D:/saas/AgentCoding/V3/Yamato-SaaS/src/libs/queries/productionStepDetail.ts
D:/saas/AgentCoding/V3/Yamato-SaaS/src/libs/validations/productionStepDetail.ts
D:/saas/AgentCoding/V3/Yamato-SaaS/src/app/api/production-step-details/route.ts
D:/saas/AgentCoding/V3/Yamato-SaaS/src/app/api/production-step-details/[id]/route.ts
D:/saas/AgentCoding/V3/Yamato-SaaS/src/app/api/production-step-details/multi-assign/route.ts
D:/saas/AgentCoding/V3/Yamato-SaaS/src/app/api/production-step-details/stats/route.ts
D:/saas/AgentCoding/V3/Yamato-SaaS/src/libs/queries/productionStep.ts
D:/saas/AgentCoding/V3/Yamato-SaaS/src/app/api/production-steps/route.ts
D:/saas/AgentCoding/V3/Yamato-SaaS/src/app/api/production-steps/[id]/route.ts
D:/saas/AgentCoding/V3/Yamato-SaaS/src/app/api/production-steps/export/route.ts
D:/saas/AgentCoding/V3/Yamato-SaaS/src/app/api/production-steps/import/route.ts
D:/saas/AgentCoding/V3/Yamato-SaaS/src/app/api/production-steps/stats/route.ts
D:/saas/AgentCoding/V3/Yamato-SaaS/src/app/api/products/route.ts
D:/saas/AgentCoding/V3/Yamato-SaaS/src/app/api/products/[id]/route.ts
D:/saas/AgentCoding/V3/Yamato-SaaS/src/app/api/products/export/route.ts
D:/saas/AgentCoding/V3/Yamato-SaaS/src/app/api/products/import/route.ts
D:/saas/AgentCoding/V3/Yamato-SaaS/src/app/api/products/stats/route.ts
D:/saas/AgentCoding/V3/Yamato-SaaS/src/libs/validations/productsub.ts
D:/saas/AgentCoding/V3/Yamato-SaaS/src/types/productsub.ts
D:/saas/AgentCoding/V3/Yamato-SaaS/src/libs/queries/productsub.ts
D:/saas/AgentCoding/V3/Yamato-SaaS/src/app/api/productsubs/route.ts
D:/saas/AgentCoding/V3/Yamato-SaaS/src/app/api/productsubs/[id]/route.ts
D:/saas/AgentCoding/V3/Yamato-SaaS/src/app/api/productsubs/export/route.ts
D:/saas/AgentCoding/V3/Yamato-SaaS/src/app/api/productsubs/import/route.ts
D:/saas/AgentCoding/V3/Yamato-SaaS/src/app/api/productsubs/stats/route.ts
D:/saas/AgentCoding/V3/Yamato-SaaS/src/types/todo.ts
D:/saas/AgentCoding/V3/Yamato-SaaS/src/libs/queries/todo.ts
D:/saas/AgentCoding/V3/Yamato-SaaS/src/libs/validations/todo.ts
D:/saas/AgentCoding/V3/Yamato-SaaS/src/app/api/todos/route.ts
D:/saas/AgentCoding/V3/Yamato-SaaS/src/app/api/todos/[id]/route.ts
D:/saas/AgentCoding/V3/Yamato-SaaS/src/app/api/todos/stats/route.ts
D:/saas/AgentCoding/V3/Yamato-SaaS/src/libs/queries/user_sync.ts
D:/saas/AgentCoding/V3/Yamato-SaaS/src/app/api/user_syncs/route.ts
D:/saas/AgentCoding/V3/Yamato-SaaS/src/app/api/user_syncs/[id]/route.ts
D:/saas/AgentCoding/V3/Yamato-SaaS/src/app/api/user_syncs/export/route.ts
D:/saas/AgentCoding/V3/Yamato-SaaS/src/app/api/user_syncs/import/route.ts
D:/saas/AgentCoding/V3/Yamato-SaaS/src/app/api/user_syncs/stats/route.ts
D:/saas/AgentCoding/V3/Yamato-SaaS/src/types/workTable.ts
D:/saas/AgentCoding/V3/Yamato-SaaS/src/libs/queries/workTable.ts
D:/saas/AgentCoding/V3/Yamato-SaaS/src/libs/validations/workTable.ts
D:/saas/AgentCoding/V3/Yamato-SaaS/src/app/api/work-tables/route.ts
D:/saas/AgentCoding/V3/Yamato-SaaS/src/app/api/work-tables/[id]/route.ts
D:/saas/AgentCoding/V3/Yamato-SaaS/node_modules/class-variance-authority/dist/types.d.ts
D:/saas/AgentCoding/V3/Yamato-SaaS/node_modules/class-variance-authority/dist/index.d.ts
D:/saas/AgentCoding/V3/Yamato-SaaS/src/components/ui/badgeVariants.ts
D:/saas/AgentCoding/V3/Yamato-SaaS/src/components/ui/buttonVariants.ts
D:/saas/AgentCoding/V3/Yamato-SaaS/node_modules/react-hook-form/dist/constants.d.ts
D:/saas/AgentCoding/V3/Yamato-SaaS/node_modules/react-hook-form/dist/utils/createSubject.d.ts
D:/saas/AgentCoding/V3/Yamato-SaaS/node_modules/react-hook-form/dist/types/events.d.ts
D:/saas/AgentCoding/V3/Yamato-SaaS/node_modules/react-hook-form/dist/types/path/common.d.ts
D:/saas/AgentCoding/V3/Yamato-SaaS/node_modules/react-hook-form/dist/types/path/eager.d.ts
D:/saas/AgentCoding/V3/Yamato-SaaS/node_modules/react-hook-form/dist/types/path/index.d.ts
D:/saas/AgentCoding/V3/Yamato-SaaS/node_modules/react-hook-form/dist/types/fieldArray.d.ts
D:/saas/AgentCoding/V3/Yamato-SaaS/node_modules/react-hook-form/dist/types/resolvers.d.ts
D:/saas/AgentCoding/V3/Yamato-SaaS/node_modules/react-hook-form/dist/types/form.d.ts
D:/saas/AgentCoding/V3/Yamato-SaaS/node_modules/react-hook-form/dist/types/utils.d.ts
D:/saas/AgentCoding/V3/Yamato-SaaS/node_modules/react-hook-form/dist/types/fields.d.ts
D:/saas/AgentCoding/V3/Yamato-SaaS/node_modules/react-hook-form/dist/types/errors.d.ts
D:/saas/AgentCoding/V3/Yamato-SaaS/node_modules/react-hook-form/dist/types/validator.d.ts
D:/saas/AgentCoding/V3/Yamato-SaaS/node_modules/react-hook-form/dist/types/controller.d.ts
D:/saas/AgentCoding/V3/Yamato-SaaS/node_modules/react-hook-form/dist/types/index.d.ts
D:/saas/AgentCoding/V3/Yamato-SaaS/node_modules/react-hook-form/dist/controller.d.ts
D:/saas/AgentCoding/V3/Yamato-SaaS/node_modules/react-hook-form/dist/form.d.ts
D:/saas/AgentCoding/V3/Yamato-SaaS/node_modules/react-hook-form/dist/logic/appendErrors.d.ts
D:/saas/AgentCoding/V3/Yamato-SaaS/node_modules/react-hook-form/dist/logic/createFormControl.d.ts
D:/saas/AgentCoding/V3/Yamato-SaaS/node_modules/react-hook-form/dist/logic/index.d.ts
D:/saas/AgentCoding/V3/Yamato-SaaS/node_modules/react-hook-form/dist/useController.d.ts
D:/saas/AgentCoding/V3/Yamato-SaaS/node_modules/react-hook-form/dist/useFieldArray.d.ts
D:/saas/AgentCoding/V3/Yamato-SaaS/node_modules/react-hook-form/dist/useForm.d.ts
D:/saas/AgentCoding/V3/Yamato-SaaS/node_modules/react-hook-form/dist/useFormContext.d.ts
D:/saas/AgentCoding/V3/Yamato-SaaS/node_modules/react-hook-form/dist/useFormState.d.ts
D:/saas/AgentCoding/V3/Yamato-SaaS/node_modules/react-hook-form/dist/useWatch.d.ts
D:/saas/AgentCoding/V3/Yamato-SaaS/node_modules/react-hook-form/dist/utils/get.d.ts
D:/saas/AgentCoding/V3/Yamato-SaaS/node_modules/react-hook-form/dist/utils/set.d.ts
D:/saas/AgentCoding/V3/Yamato-SaaS/node_modules/react-hook-form/dist/utils/index.d.ts
D:/saas/AgentCoding/V3/Yamato-SaaS/node_modules/react-hook-form/dist/index.d.ts
D:/saas/AgentCoding/V3/Yamato-SaaS/src/components/ui/useFormField.ts
D:/saas/AgentCoding/V3/Yamato-SaaS/src/constants/productStepCrosstab.ts
D:/saas/AgentCoding/V3/Yamato-SaaS/src/hooks/UseMenu.ts
D:/saas/AgentCoding/V3/Yamato-SaaS/src/hooks/useNoteFilters.ts
D:/saas/AgentCoding/V3/Yamato-SaaS/src/libs/api/notes.ts
D:/saas/AgentCoding/V3/Yamato-SaaS/src/hooks/useNoteMutations.ts
D:/saas/AgentCoding/V3/Yamato-SaaS/src/hooks/useNotes.ts
D:/saas/AgentCoding/V3/Yamato-SaaS/src/libs/api/plandetails.ts
D:/saas/AgentCoding/V3/Yamato-SaaS/src/hooks/usePlanDetailExport.ts
D:/saas/AgentCoding/V3/Yamato-SaaS/src/hooks/usePlanDetailFilters.ts
D:/saas/AgentCoding/V3/Yamato-SaaS/src/hooks/usePlanDetailMutations.ts
D:/saas/AgentCoding/V3/Yamato-SaaS/src/hooks/usePlanDetails.ts
D:/saas/AgentCoding/V3/Yamato-SaaS/src/hooks/usePlanExport.ts
D:/saas/AgentCoding/V3/Yamato-SaaS/src/hooks/usePlanFilters.ts
D:/saas/AgentCoding/V3/Yamato-SaaS/src/hooks/usePlanImport.ts
D:/saas/AgentCoding/V3/Yamato-SaaS/src/libs/api/plans.ts
D:/saas/AgentCoding/V3/Yamato-SaaS/src/hooks/usePlanMutations.ts
D:/saas/AgentCoding/V3/Yamato-SaaS/src/hooks/usePlans.ts
D:/saas/AgentCoding/V3/Yamato-SaaS/src/hooks/useProcessExport.ts
D:/saas/AgentCoding/V3/Yamato-SaaS/src/hooks/useProcessFilters.ts
D:/saas/AgentCoding/V3/Yamato-SaaS/src/hooks/useProcessImport.ts
D:/saas/AgentCoding/V3/Yamato-SaaS/src/libs/api/processes.ts
D:/saas/AgentCoding/V3/Yamato-SaaS/src/hooks/useProcessMutations.ts
D:/saas/AgentCoding/V3/Yamato-SaaS/src/hooks/useProcesses.ts
D:/saas/AgentCoding/V3/Yamato-SaaS/src/types/export.ts
D:/saas/AgentCoding/V3/Yamato-SaaS/src/hooks/useProductExport.ts
D:/saas/AgentCoding/V3/Yamato-SaaS/src/hooks/useProductFilters.ts
D:/saas/AgentCoding/V3/Yamato-SaaS/src/hooks/useProductImport.ts
D:/saas/AgentCoding/V3/Yamato-SaaS/src/libs/api/products.ts
D:/saas/AgentCoding/V3/Yamato-SaaS/src/hooks/useProductMutations.ts
D:/saas/AgentCoding/V3/Yamato-SaaS/src/libs/api/productStepCrosstab.ts
D:/saas/AgentCoding/V3/Yamato-SaaS/src/hooks/useProductStepCrosstab.ts
D:/saas/AgentCoding/V3/Yamato-SaaS/src/hooks/useProductSubExport.ts
D:/saas/AgentCoding/V3/Yamato-SaaS/src/hooks/useProductSubFilters.ts
D:/saas/AgentCoding/V3/Yamato-SaaS/src/libs/api/productsubs.ts
D:/saas/AgentCoding/V3/Yamato-SaaS/src/hooks/useProductSubImport.ts
D:/saas/AgentCoding/V3/Yamato-SaaS/src/hooks/useProductSubMutations.ts
D:/saas/AgentCoding/V3/Yamato-SaaS/src/hooks/useProductSubs.ts
D:/saas/AgentCoding/V3/Yamato-SaaS/src/hooks/useProductionStepDetailFilters.ts
D:/saas/AgentCoding/V3/Yamato-SaaS/src/libs/api/productionStepDetails.ts
D:/saas/AgentCoding/V3/Yamato-SaaS/src/hooks/useProductionStepDetailMutations.ts
D:/saas/AgentCoding/V3/Yamato-SaaS/src/hooks/useProductionStepDetails.ts
D:/saas/AgentCoding/V3/Yamato-SaaS/src/hooks/useProductionStepExport.ts
D:/saas/AgentCoding/V3/Yamato-SaaS/src/hooks/useProductionStepFilters.ts
D:/saas/AgentCoding/V3/Yamato-SaaS/src/hooks/useProductionStepImport.ts
D:/saas/AgentCoding/V3/Yamato-SaaS/src/libs/api/productionSteps.ts
D:/saas/AgentCoding/V3/Yamato-SaaS/src/hooks/useProductionStepMutations.ts
D:/saas/AgentCoding/V3/Yamato-SaaS/src/hooks/useProductionSteps.ts
D:/saas/AgentCoding/V3/Yamato-SaaS/src/hooks/useProducts.ts
D:/saas/AgentCoding/V3/Yamato-SaaS/src/hooks/useTodoFilters.ts
D:/saas/AgentCoding/V3/Yamato-SaaS/src/libs/api/todos.ts
D:/saas/AgentCoding/V3/Yamato-SaaS/src/hooks/useTodoMutations.ts
D:/saas/AgentCoding/V3/Yamato-SaaS/src/hooks/useTodos.ts
D:/saas/AgentCoding/V3/Yamato-SaaS/src/hooks/useUserSyncExport.ts
D:/saas/AgentCoding/V3/Yamato-SaaS/src/hooks/useUserSyncFilters.ts
D:/saas/AgentCoding/V3/Yamato-SaaS/src/hooks/useUserSyncImport.ts
D:/saas/AgentCoding/V3/Yamato-SaaS/src/libs/api/user_syncs.ts
D:/saas/AgentCoding/V3/Yamato-SaaS/src/hooks/useUserSyncMutations.ts
D:/saas/AgentCoding/V3/Yamato-SaaS/src/hooks/useUserSyncs.ts
D:/saas/AgentCoding/V3/Yamato-SaaS/src/libs/api/workTables.ts
D:/saas/AgentCoding/V3/Yamato-SaaS/src/hooks/useWorkTableMutations.ts
D:/saas/AgentCoding/V3/Yamato-SaaS/src/hooks/useWorkTables.ts
D:/saas/AgentCoding/V3/Yamato-SaaS/node_modules/pino-abstract-transport/index.d.ts
D:/saas/AgentCoding/V3/Yamato-SaaS/node_modules/@logtail/types/dist/es6/types.d.ts
D:/saas/AgentCoding/V3/Yamato-SaaS/node_modules/@logtail/pino/dist/es6/pino.d.ts
D:/saas/AgentCoding/V3/Yamato-SaaS/node_modules/@logtail/pino/dist/es6/index.d.ts
D:/saas/AgentCoding/V3/Yamato-SaaS/node_modules/pino/node_modules/pino-std-serializers/index.d.ts
D:/saas/AgentCoding/V3/Yamato-SaaS/node_modules/sonic-boom/types/index.d.ts
D:/saas/AgentCoding/V3/Yamato-SaaS/node_modules/pino/pino.d.ts
D:/saas/AgentCoding/V3/Yamato-SaaS/node_modules/pino-pretty/node_modules/pino-abstract-transport/index.d.ts
D:/saas/AgentCoding/V3/Yamato-SaaS/node_modules/colorette/index.d.ts
D:/saas/AgentCoding/V3/Yamato-SaaS/node_modules/pino-pretty/index.d.ts
D:/saas/AgentCoding/V3/Yamato-SaaS/src/libs/Logger.ts
D:/saas/AgentCoding/V3/Yamato-SaaS/node_modules/use-intl/dist/types/src/core/AbstractIntlMessages.d.ts
D:/saas/AgentCoding/V3/Yamato-SaaS/node_modules/use-intl/dist/types/src/core/TranslationValues.d.ts
D:/saas/AgentCoding/V3/Yamato-SaaS/node_modules/use-intl/dist/types/src/core/TimeZone.d.ts
D:/saas/AgentCoding/V3/Yamato-SaaS/node_modules/use-intl/dist/types/src/core/DateTimeFormatOptions.d.ts
D:/saas/AgentCoding/V3/Yamato-SaaS/node_modules/use-intl/node_modules/@formatjs/ecma402-abstract/CanonicalizeLocaleList.d.ts
D:/saas/AgentCoding/V3/Yamato-SaaS/node_modules/use-intl/node_modules/@formatjs/ecma402-abstract/CanonicalizeTimeZoneName.d.ts
D:/saas/AgentCoding/V3/Yamato-SaaS/node_modules/use-intl/node_modules/@formatjs/ecma402-abstract/CoerceOptionsToObject.d.ts
D:/saas/AgentCoding/V3/Yamato-SaaS/node_modules/use-intl/node_modules/@formatjs/ecma402-abstract/GetNumberOption.d.ts
D:/saas/AgentCoding/V3/Yamato-SaaS/node_modules/use-intl/node_modules/@formatjs/ecma402-abstract/GetOption.d.ts
D:/saas/AgentCoding/V3/Yamato-SaaS/node_modules/use-intl/node_modules/@formatjs/ecma402-abstract/GetOptionsObject.d.ts
D:/saas/AgentCoding/V3/Yamato-SaaS/node_modules/use-intl/node_modules/@formatjs/ecma402-abstract/GetStringOrBooleanOption.d.ts
D:/saas/AgentCoding/V3/Yamato-SaaS/node_modules/use-intl/node_modules/@formatjs/ecma402-abstract/IsSanctionedSimpleUnitIdentifier.d.ts
D:/saas/AgentCoding/V3/Yamato-SaaS/node_modules/use-intl/node_modules/@formatjs/ecma402-abstract/IsValidTimeZoneName.d.ts
D:/saas/AgentCoding/V3/Yamato-SaaS/node_modules/use-intl/node_modules/@formatjs/ecma402-abstract/IsWellFormedCurrencyCode.d.ts
D:/saas/AgentCoding/V3/Yamato-SaaS/node_modules/use-intl/node_modules/@formatjs/ecma402-abstract/IsWellFormedUnitIdentifier.d.ts
D:/saas/AgentCoding/V3/Yamato-SaaS/node_modules/decimal.js/decimal.d.ts
D:/saas/AgentCoding/V3/Yamato-SaaS/node_modules/use-intl/node_modules/@formatjs/ecma402-abstract/types/core.d.ts
D:/saas/AgentCoding/V3/Yamato-SaaS/node_modules/use-intl/node_modules/@formatjs/ecma402-abstract/types/plural-rules.d.ts
D:/saas/AgentCoding/V3/Yamato-SaaS/node_modules/use-intl/node_modules/@formatjs/ecma402-abstract/types/number.d.ts
D:/saas/AgentCoding/V3/Yamato-SaaS/node_modules/use-intl/node_modules/@formatjs/ecma402-abstract/NumberFormat/ApplyUnsignedRoundingMode.d.ts
D:/saas/AgentCoding/V3/Yamato-SaaS/node_modules/use-intl/node_modules/@formatjs/ecma402-abstract/NumberFormat/CollapseNumberRange.d.ts
D:/saas/AgentCoding/V3/Yamato-SaaS/node_modules/use-intl/node_modules/@formatjs/ecma402-abstract/NumberFormat/ComputeExponent.d.ts
D:/saas/AgentCoding/V3/Yamato-SaaS/node_modules/use-intl/node_modules/@formatjs/ecma402-abstract/NumberFormat/ComputeExponentForMagnitude.d.ts
D:/saas/AgentCoding/V3/Yamato-SaaS/node_modules/use-intl/node_modules/@formatjs/ecma402-abstract/NumberFormat/CurrencyDigits.d.ts
D:/saas/AgentCoding/V3/Yamato-SaaS/node_modules/use-intl/node_modules/@formatjs/ecma402-abstract/NumberFormat/format_to_parts.d.ts
D:/saas/AgentCoding/V3/Yamato-SaaS/node_modules/use-intl/node_modules/@formatjs/ecma402-abstract/NumberFormat/FormatApproximately.d.ts
D:/saas/AgentCoding/V3/Yamato-SaaS/node_modules/use-intl/node_modules/@formatjs/ecma402-abstract/NumberFormat/FormatNumeric.d.ts
D:/saas/AgentCoding/V3/Yamato-SaaS/node_modules/use-intl/node_modules/@formatjs/ecma402-abstract/NumberFormat/FormatNumericRange.d.ts
D:/saas/AgentCoding/V3/Yamato-SaaS/node_modules/use-intl/node_modules/@formatjs/ecma402-abstract/NumberFormat/FormatNumericRangeToParts.d.ts
D:/saas/AgentCoding/V3/Yamato-SaaS/node_modules/use-intl/node_modules/@formatjs/ecma402-abstract/NumberFormat/FormatNumericToParts.d.ts
D:/saas/AgentCoding/V3/Yamato-SaaS/node_modules/use-intl/node_modules/@formatjs/ecma402-abstract/NumberFormat/FormatNumericToString.d.ts
D:/saas/AgentCoding/V3/Yamato-SaaS/node_modules/use-intl/node_modules/@formatjs/ecma402-abstract/NumberFormat/GetUnsignedRoundingMode.d.ts
D:/saas/AgentCoding/V3/Yamato-SaaS/node_modules/use-intl/node_modules/@formatjs/ecma402-abstract/NumberFormat/InitializeNumberFormat.d.ts
D:/saas/AgentCoding/V3/Yamato-SaaS/node_modules/use-intl/node_modules/@formatjs/ecma402-abstract/NumberFormat/PartitionNumberPattern.d.ts
D:/saas/AgentCoding/V3/Yamato-SaaS/node_modules/use-intl/node_modules/@formatjs/ecma402-abstract/NumberFormat/PartitionNumberRangePattern.d.ts
D:/saas/AgentCoding/V3/Yamato-SaaS/node_modules/use-intl/node_modules/@formatjs/ecma402-abstract/NumberFormat/SetNumberFormatDigitOptions.d.ts
D:/saas/AgentCoding/V3/Yamato-SaaS/node_modules/use-intl/node_modules/@formatjs/ecma402-abstract/NumberFormat/SetNumberFormatUnitOptions.d.ts
D:/saas/AgentCoding/V3/Yamato-SaaS/node_modules/use-intl/node_modules/@formatjs/ecma402-abstract/NumberFormat/ToRawFixed.d.ts
D:/saas/AgentCoding/V3/Yamato-SaaS/node_modules/use-intl/node_modules/@formatjs/ecma402-abstract/NumberFormat/ToRawPrecision.d.ts
D:/saas/AgentCoding/V3/Yamato-SaaS/node_modules/use-intl/node_modules/@formatjs/ecma402-abstract/PartitionPattern.d.ts
D:/saas/AgentCoding/V3/Yamato-SaaS/node_modules/use-intl/node_modules/@formatjs/ecma402-abstract/SupportedLocales.d.ts
D:/saas/AgentCoding/V3/Yamato-SaaS/node_modules/use-intl/node_modules/@formatjs/ecma402-abstract/utils.d.ts
D:/saas/AgentCoding/V3/Yamato-SaaS/node_modules/use-intl/node_modules/@formatjs/ecma402-abstract/262.d.ts
D:/saas/AgentCoding/V3/Yamato-SaaS/node_modules/use-intl/node_modules/@formatjs/ecma402-abstract/data.d.ts
D:/saas/AgentCoding/V3/Yamato-SaaS/node_modules/use-intl/node_modules/@formatjs/ecma402-abstract/types/date-time.d.ts
D:/saas/AgentCoding/V3/Yamato-SaaS/node_modules/use-intl/node_modules/@formatjs/ecma402-abstract/types/displaynames.d.ts
D:/saas/AgentCoding/V3/Yamato-SaaS/node_modules/use-intl/node_modules/@formatjs/ecma402-abstract/types/list.d.ts
D:/saas/AgentCoding/V3/Yamato-SaaS/node_modules/use-intl/node_modules/@formatjs/ecma402-abstract/types/relative-time.d.ts
D:/saas/AgentCoding/V3/Yamato-SaaS/node_modules/use-intl/node_modules/@formatjs/ecma402-abstract/constants.d.ts
D:/saas/AgentCoding/V3/Yamato-SaaS/node_modules/use-intl/node_modules/@formatjs/ecma402-abstract/ToIntlMathematicalValue.d.ts
D:/saas/AgentCoding/V3/Yamato-SaaS/node_modules/use-intl/node_modules/@formatjs/ecma402-abstract/index.d.ts
D:/saas/AgentCoding/V3/Yamato-SaaS/node_modules/use-intl/node_modules/@formatjs/icu-skeleton-parser/date-time.d.ts
D:/saas/AgentCoding/V3/Yamato-SaaS/node_modules/use-intl/node_modules/@formatjs/icu-skeleton-parser/number.d.ts
D:/saas/AgentCoding/V3/Yamato-SaaS/node_modules/use-intl/node_modules/@formatjs/icu-skeleton-parser/index.d.ts
D:/saas/AgentCoding/V3/Yamato-SaaS/node_modules/use-intl/node_modules/@formatjs/icu-messageformat-parser/types.d.ts
D:/saas/AgentCoding/V3/Yamato-SaaS/node_modules/use-intl/node_modules/@formatjs/icu-messageformat-parser/error.d.ts
D:/saas/AgentCoding/V3/Yamato-SaaS/node_modules/use-intl/node_modules/@formatjs/icu-messageformat-parser/parser.d.ts
D:/saas/AgentCoding/V3/Yamato-SaaS/node_modules/use-intl/node_modules/@formatjs/icu-messageformat-parser/manipulator.d.ts
D:/saas/AgentCoding/V3/Yamato-SaaS/node_modules/use-intl/node_modules/@formatjs/icu-messageformat-parser/index.d.ts
D:/saas/AgentCoding/V3/Yamato-SaaS/node_modules/use-intl/node_modules/intl-messageformat/src/formatters.d.ts
D:/saas/AgentCoding/V3/Yamato-SaaS/node_modules/use-intl/node_modules/intl-messageformat/src/core.d.ts
D:/saas/AgentCoding/V3/Yamato-SaaS/node_modules/use-intl/node_modules/intl-messageformat/src/error.d.ts
D:/saas/AgentCoding/V3/Yamato-SaaS/node_modules/use-intl/node_modules/intl-messageformat/index.d.ts
D:/saas/AgentCoding/V3/Yamato-SaaS/node_modules/use-intl/dist/types/src/core/NumberFormatOptions.d.ts
D:/saas/AgentCoding/V3/Yamato-SaaS/node_modules/use-intl/dist/types/src/core/Formats.d.ts
D:/saas/AgentCoding/V3/Yamato-SaaS/node_modules/use-intl/dist/types/src/core/IntlError.d.ts
D:/saas/AgentCoding/V3/Yamato-SaaS/node_modules/use-intl/dist/types/src/core/IntlConfig.d.ts
D:/saas/AgentCoding/V3/Yamato-SaaS/node_modules/use-intl/dist/types/src/core/RelativeTimeFormatOptions.d.ts
D:/saas/AgentCoding/V3/Yamato-SaaS/node_modules/use-intl/dist/types/src/core/formatters.d.ts
D:/saas/AgentCoding/V3/Yamato-SaaS/node_modules/use-intl/dist/types/src/core/utils/NestedValueOf.d.ts
D:/saas/AgentCoding/V3/Yamato-SaaS/node_modules/use-intl/dist/types/src/core/utils/MessageKeys.d.ts
D:/saas/AgentCoding/V3/Yamato-SaaS/node_modules/use-intl/dist/types/src/core/utils/NamespaceKeys.d.ts
D:/saas/AgentCoding/V3/Yamato-SaaS/node_modules/use-intl/dist/types/src/core/utils/NestedKeyOf.d.ts
D:/saas/AgentCoding/V3/Yamato-SaaS/node_modules/use-intl/dist/types/src/core/createTranslator.d.ts
D:/saas/AgentCoding/V3/Yamato-SaaS/node_modules/use-intl/dist/types/src/core/createFormatter.d.ts
D:/saas/AgentCoding/V3/Yamato-SaaS/node_modules/use-intl/dist/types/src/core/initializeConfig.d.ts
D:/saas/AgentCoding/V3/Yamato-SaaS/node_modules/use-intl/dist/types/src/core/index.d.ts
D:/saas/AgentCoding/V3/Yamato-SaaS/node_modules/use-intl/dist/types/src/core.d.ts
D:/saas/AgentCoding/V3/Yamato-SaaS/node_modules/use-intl/core.d.ts
D:/saas/AgentCoding/V3/Yamato-SaaS/node_modules/next-intl/dist/types/src/server/react-server/getRequestConfig.d.ts
D:/saas/AgentCoding/V3/Yamato-SaaS/node_modules/next-intl/dist/types/src/server/react-server/getFormatter.d.ts
D:/saas/AgentCoding/V3/Yamato-SaaS/node_modules/next-intl/dist/types/src/server/react-server/getNow.d.ts
D:/saas/AgentCoding/V3/Yamato-SaaS/node_modules/next-intl/dist/types/src/server/react-server/getTimeZone.d.ts
D:/saas/AgentCoding/V3/Yamato-SaaS/node_modules/next-intl/dist/types/src/server/react-server/getTranslations.d.ts
D:/saas/AgentCoding/V3/Yamato-SaaS/node_modules/use-intl/dist/types/src/react/IntlProvider.d.ts
D:/saas/AgentCoding/V3/Yamato-SaaS/node_modules/use-intl/dist/types/src/react/useTranslations.d.ts
D:/saas/AgentCoding/V3/Yamato-SaaS/node_modules/use-intl/dist/types/src/react/useLocale.d.ts
D:/saas/AgentCoding/V3/Yamato-SaaS/node_modules/use-intl/dist/types/src/react/useNow.d.ts
D:/saas/AgentCoding/V3/Yamato-SaaS/node_modules/use-intl/dist/types/src/react/useTimeZone.d.ts
D:/saas/AgentCoding/V3/Yamato-SaaS/node_modules/use-intl/dist/types/src/react/useMessages.d.ts
D:/saas/AgentCoding/V3/Yamato-SaaS/node_modules/use-intl/dist/types/src/react/useFormatter.d.ts
D:/saas/AgentCoding/V3/Yamato-SaaS/node_modules/use-intl/dist/types/src/react/index.d.ts
D:/saas/AgentCoding/V3/Yamato-SaaS/node_modules/use-intl/dist/types/src/react.d.ts
D:/saas/AgentCoding/V3/Yamato-SaaS/node_modules/use-intl/dist/types/src/index.d.ts
D:/saas/AgentCoding/V3/Yamato-SaaS/node_modules/next-intl/dist/types/src/server/react-server/getConfig.d.ts
D:/saas/AgentCoding/V3/Yamato-SaaS/node_modules/next-intl/dist/types/src/server/react-server/getMessages.d.ts
D:/saas/AgentCoding/V3/Yamato-SaaS/node_modules/next-intl/dist/types/src/server/react-server/getLocale.d.ts
D:/saas/AgentCoding/V3/Yamato-SaaS/node_modules/next-intl/dist/types/src/server/react-server/RequestLocaleCache.d.ts
D:/saas/AgentCoding/V3/Yamato-SaaS/node_modules/next-intl/dist/types/src/server/react-server/index.d.ts
D:/saas/AgentCoding/V3/Yamato-SaaS/node_modules/next-intl/server.d.ts
D:/saas/AgentCoding/V3/Yamato-SaaS/src/libs/i18n.ts
D:/saas/AgentCoding/V3/Yamato-SaaS/node_modules/next-intl/dist/types/src/navigation/react-client/createSharedPathnamesNavigation.d.ts
D:/saas/AgentCoding/V3/Yamato-SaaS/node_modules/next-intl/dist/types/src/navigation/shared/StrictParams.d.ts
D:/saas/AgentCoding/V3/Yamato-SaaS/node_modules/next-intl/dist/types/src/navigation/shared/utils.d.ts
D:/saas/AgentCoding/V3/Yamato-SaaS/node_modules/next-intl/dist/types/src/navigation/shared/LegacyBaseLink.d.ts
D:/saas/AgentCoding/V3/Yamato-SaaS/node_modules/next-intl/dist/types/src/navigation/react-client/ClientLink.d.ts
D:/saas/AgentCoding/V3/Yamato-SaaS/node_modules/next-intl/dist/types/src/navigation/react-client/createLocalizedPathnamesNavigation.d.ts
D:/saas/AgentCoding/V3/Yamato-SaaS/node_modules/next-intl/dist/types/src/navigation/react-client/createNavigation.d.ts
D:/saas/AgentCoding/V3/Yamato-SaaS/node_modules/next-intl/dist/types/src/navigation/react-client/index.d.ts
D:/saas/AgentCoding/V3/Yamato-SaaS/node_modules/next-intl/dist/types/src/navigation.react-client.d.ts
D:/saas/AgentCoding/V3/Yamato-SaaS/node_modules/next-intl/navigation.d.ts
D:/saas/AgentCoding/V3/Yamato-SaaS/src/libs/i18nNavigation.ts
D:/saas/AgentCoding/V3/Yamato-SaaS/src/libs/validations/stored-procedures.ts
D:/saas/AgentCoding/V3/Yamato-SaaS/src/libs/procedures/todos.ts
D:/saas/AgentCoding/V3/Yamato-SaaS/src/models/schema_new.ts
D:/saas/AgentCoding/V3/Yamato-SaaS/src/models/Schema/plandetail.ts
D:/saas/AgentCoding/V3/Yamato-SaaS/src/types/Auth.ts
D:/saas/AgentCoding/V3/Yamato-SaaS/src/locales/en.json
D:/saas/AgentCoding/V3/Yamato-SaaS/src/types/global.d.ts
D:/saas/AgentCoding/V3/Yamato-SaaS/src/app/global-error.tsx
D:/saas/AgentCoding/V3/Yamato-SaaS/node_modules/next-intl/dist/types/src/react-client/useLocale.d.ts
D:/saas/AgentCoding/V3/Yamato-SaaS/node_modules/use-intl/dist/types/src/_IntlProvider.d.ts
D:/saas/AgentCoding/V3/Yamato-SaaS/node_modules/use-intl/_IntlProvider.d.ts
D:/saas/AgentCoding/V3/Yamato-SaaS/node_modules/next-intl/dist/types/src/shared/NextIntlClientProvider.d.ts
D:/saas/AgentCoding/V3/Yamato-SaaS/node_modules/next-intl/dist/types/src/react-client/index.d.ts
D:/saas/AgentCoding/V3/Yamato-SaaS/node_modules/next-intl/dist/types/src/index.react-client.d.ts
D:/saas/AgentCoding/V3/Yamato-SaaS/src/app/[locale]/layout.tsx
D:/saas/AgentCoding/V3/Yamato-SaaS/node_modules/@clerk/localizations/dist/ar-SA.d.mts
D:/saas/AgentCoding/V3/Yamato-SaaS/node_modules/@clerk/localizations/dist/be-BY.d.mts
D:/saas/AgentCoding/V3/Yamato-SaaS/node_modules/@clerk/localizations/dist/bg-BG.d.mts
D:/saas/AgentCoding/V3/Yamato-SaaS/node_modules/@clerk/localizations/dist/ca-ES.d.mts
D:/saas/AgentCoding/V3/Yamato-SaaS/node_modules/@clerk/localizations/dist/cs-CZ.d.mts
D:/saas/AgentCoding/V3/Yamato-SaaS/node_modules/@clerk/localizations/dist/da-DK.d.mts
D:/saas/AgentCoding/V3/Yamato-SaaS/node_modules/@clerk/localizations/dist/de-DE.d.mts
D:/saas/AgentCoding/V3/Yamato-SaaS/node_modules/@clerk/localizations/dist/el-GR.d.mts
D:/saas/AgentCoding/V3/Yamato-SaaS/node_modules/@clerk/localizations/dist/en-US.d.mts
D:/saas/AgentCoding/V3/Yamato-SaaS/node_modules/@clerk/localizations/dist/en-GB.d.mts
D:/saas/AgentCoding/V3/Yamato-SaaS/node_modules/@clerk/localizations/dist/es-ES.d.mts
D:/saas/AgentCoding/V3/Yamato-SaaS/node_modules/@clerk/localizations/dist/es-MX.d.mts
D:/saas/AgentCoding/V3/Yamato-SaaS/node_modules/@clerk/localizations/dist/es-UY.d.mts
D:/saas/AgentCoding/V3/Yamato-SaaS/node_modules/@clerk/localizations/dist/fi-FI.d.mts
D:/saas/AgentCoding/V3/Yamato-SaaS/node_modules/@clerk/localizations/dist/fr-FR.d.mts
D:/saas/AgentCoding/V3/Yamato-SaaS/node_modules/@clerk/localizations/dist/hr-HR.d.mts
D:/saas/AgentCoding/V3/Yamato-SaaS/node_modules/@clerk/localizations/dist/he-IL.d.mts
D:/saas/AgentCoding/V3/Yamato-SaaS/node_modules/@clerk/localizations/dist/hu-HU.d.mts
D:/saas/AgentCoding/V3/Yamato-SaaS/node_modules/@clerk/localizations/dist/id-ID.d.mts
D:/saas/AgentCoding/V3/Yamato-SaaS/node_modules/@clerk/localizations/dist/is-IS.d.mts
D:/saas/AgentCoding/V3/Yamato-SaaS/node_modules/@clerk/localizations/dist/it-IT.d.mts
D:/saas/AgentCoding/V3/Yamato-SaaS/node_modules/@clerk/localizations/dist/ja-JP.d.mts
D:/saas/AgentCoding/V3/Yamato-SaaS/node_modules/@clerk/localizations/dist/ko-KR.d.mts
D:/saas/AgentCoding/V3/Yamato-SaaS/node_modules/@clerk/localizations/dist/mn-MN.d.mts
D:/saas/AgentCoding/V3/Yamato-SaaS/node_modules/@clerk/localizations/dist/nb-NO.d.mts
D:/saas/AgentCoding/V3/Yamato-SaaS/node_modules/@clerk/localizations/dist/nl-BE.d.mts
D:/saas/AgentCoding/V3/Yamato-SaaS/node_modules/@clerk/localizations/dist/nl-NL.d.mts
D:/saas/AgentCoding/V3/Yamato-SaaS/node_modules/@clerk/localizations/dist/pt-BR.d.mts
D:/saas/AgentCoding/V3/Yamato-SaaS/node_modules/@clerk/localizations/dist/pl-PL.d.mts
D:/saas/AgentCoding/V3/Yamato-SaaS/node_modules/@clerk/localizations/dist/pt-PT.d.mts
D:/saas/AgentCoding/V3/Yamato-SaaS/node_modules/@clerk/localizations/dist/ru-RU.d.mts
D:/saas/AgentCoding/V3/Yamato-SaaS/node_modules/@clerk/localizations/dist/ro-RO.d.mts
D:/saas/AgentCoding/V3/Yamato-SaaS/node_modules/@clerk/localizations/dist/sk-SK.d.mts
D:/saas/AgentCoding/V3/Yamato-SaaS/node_modules/@clerk/localizations/dist/sv-SE.d.mts
D:/saas/AgentCoding/V3/Yamato-SaaS/node_modules/@clerk/localizations/dist/th-TH.d.mts
D:/saas/AgentCoding/V3/Yamato-SaaS/node_modules/@clerk/localizations/dist/tr-TR.d.mts
D:/saas/AgentCoding/V3/Yamato-SaaS/node_modules/@clerk/localizations/dist/uk-UA.d.mts
D:/saas/AgentCoding/V3/Yamato-SaaS/node_modules/@clerk/localizations/dist/vi-VN.d.mts
D:/saas/AgentCoding/V3/Yamato-SaaS/node_modules/@clerk/localizations/dist/zh-CN.d.mts
D:/saas/AgentCoding/V3/Yamato-SaaS/node_modules/@clerk/localizations/dist/zh-TW.d.mts
D:/saas/AgentCoding/V3/Yamato-SaaS/node_modules/@clerk/localizations/dist/index.d.mts
D:/saas/AgentCoding/V3/Yamato-SaaS/node_modules/@clerk/clerk-react/dist/useAuth-DN6TRwS8.d.mts
D:/saas/AgentCoding/V3/Yamato-SaaS/node_modules/@clerk/shared/dist/error.d.mts
D:/saas/AgentCoding/V3/Yamato-SaaS/node_modules/@clerk/shared/node_modules/dequal/index.d.ts
D:/saas/AgentCoding/V3/Yamato-SaaS/node_modules/@clerk/shared/dist/react/index.d.mts
D:/saas/AgentCoding/V3/Yamato-SaaS/node_modules/@clerk/clerk-react/dist/index.d.mts
D:/saas/AgentCoding/V3/Yamato-SaaS/node_modules/@clerk/shared/dist/loadClerkJsScript.d.mts
D:/saas/AgentCoding/V3/Yamato-SaaS/node_modules/@clerk/clerk-react/dist/internal.d.mts
D:/saas/AgentCoding/V3/Yamato-SaaS/node_modules/@clerk/nextjs/dist/types/client-boundary/controlComponents.d.ts
D:/saas/AgentCoding/V3/Yamato-SaaS/node_modules/@clerk/nextjs/dist/types/client-boundary/uiComponents.d.ts
D:/saas/AgentCoding/V3/Yamato-SaaS/node_modules/@clerk/clerk-react/dist/errors.d.mts
D:/saas/AgentCoding/V3/Yamato-SaaS/node_modules/@clerk/nextjs/dist/types/client-boundary/PromisifiedAuthProvider.d.ts
D:/saas/AgentCoding/V3/Yamato-SaaS/node_modules/@clerk/nextjs/dist/types/client-boundary/hooks.d.ts
D:/saas/AgentCoding/V3/Yamato-SaaS/node_modules/@clerk/nextjs/dist/types/types.d.ts
D:/saas/AgentCoding/V3/Yamato-SaaS/node_modules/@clerk/nextjs/dist/types/app-router/server/ClerkProvider.d.ts
D:/saas/AgentCoding/V3/Yamato-SaaS/node_modules/@clerk/nextjs/dist/types/app-router/server/controlComponents.d.ts
D:/saas/AgentCoding/V3/Yamato-SaaS/node_modules/@clerk/nextjs/dist/types/components.server.d.ts
D:/saas/AgentCoding/V3/Yamato-SaaS/node_modules/@clerk/nextjs/dist/types/index.d.ts
D:/saas/AgentCoding/V3/Yamato-SaaS/src/app/[locale]/(auth)/layout.tsx
D:/saas/AgentCoding/V3/Yamato-SaaS/src/app/[locale]/(auth)/(center)/layout.tsx
D:/saas/AgentCoding/V3/Yamato-SaaS/src/app/[locale]/(auth)/(center)/sign-in/[[...sign-in]]/page.tsx
D:/saas/AgentCoding/V3/Yamato-SaaS/src/app/[locale]/(auth)/(center)/sign-up/[[...sign-up]]/page.tsx
D:/saas/AgentCoding/V3/Yamato-SaaS/src/components/ActiveLink.tsx
D:/saas/AgentCoding/V3/Yamato-SaaS/node_modules/@radix-ui/react-slot/dist/index.d.mts
D:/saas/AgentCoding/V3/Yamato-SaaS/src/components/ui/button.tsx
D:/saas/AgentCoding/V3/Yamato-SaaS/node_modules/@radix-ui/react-context/dist/index.d.mts
D:/saas/AgentCoding/V3/Yamato-SaaS/node_modules/@radix-ui/react-primitive/dist/index.d.mts
D:/saas/AgentCoding/V3/Yamato-SaaS/node_modules/@radix-ui/react-dismissable-layer/dist/index.d.mts
D:/saas/AgentCoding/V3/Yamato-SaaS/node_modules/@radix-ui/react-focus-scope/dist/index.d.mts
D:/saas/AgentCoding/V3/Yamato-SaaS/node_modules/@radix-ui/react-arrow/dist/index.d.mts
D:/saas/AgentCoding/V3/Yamato-SaaS/node_modules/@radix-ui/react-popper/node_modules/@radix-ui/rect/dist/index.d.mts
D:/saas/AgentCoding/V3/Yamato-SaaS/node_modules/@radix-ui/react-popper/dist/index.d.mts
D:/saas/AgentCoding/V3/Yamato-SaaS/node_modules/@radix-ui/react-portal/dist/index.d.mts
D:/saas/AgentCoding/V3/Yamato-SaaS/node_modules/@radix-ui/react-roving-focus/dist/index.d.mts
D:/saas/AgentCoding/V3/Yamato-SaaS/node_modules/@radix-ui/react-menu/dist/index.d.mts
D:/saas/AgentCoding/V3/Yamato-SaaS/node_modules/@radix-ui/react-dropdown-menu/dist/index.d.mts
D:/saas/AgentCoding/V3/Yamato-SaaS/node_modules/lucide-react/dist/lucide-react.d.ts
D:/saas/AgentCoding/V3/Yamato-SaaS/src/components/ui/dropdown-menu.tsx
D:/saas/AgentCoding/V3/Yamato-SaaS/src/components/LocaleSwitcher.tsx
D:/saas/AgentCoding/V3/Yamato-SaaS/src/components/ToggleMenuButton.tsx
D:/saas/AgentCoding/V3/Yamato-SaaS/node_modules/@radix-ui/react-separator/dist/index.d.mts
D:/saas/AgentCoding/V3/Yamato-SaaS/src/components/ui/separator.tsx
D:/saas/AgentCoding/V3/Yamato-SaaS/src/templates/Logo.tsx
D:/saas/AgentCoding/V3/Yamato-SaaS/src/features/dashboard/DashboardHeader.tsx
D:/saas/AgentCoding/V3/Yamato-SaaS/src/app/[locale]/(auth)/dashboard/layout.tsx
D:/saas/AgentCoding/V3/Yamato-SaaS/src/features/dashboard/MessageState.tsx
D:/saas/AgentCoding/V3/Yamato-SaaS/src/features/dashboard/TitleBar.tsx
D:/saas/AgentCoding/V3/Yamato-SaaS/src/features/landing/LogoCloud.tsx
D:/saas/AgentCoding/V3/Yamato-SaaS/src/features/sponsors/SponsorLogos.tsx
D:/saas/AgentCoding/V3/Yamato-SaaS/src/app/[locale]/(auth)/dashboard/page.tsx
D:/saas/AgentCoding/V3/Yamato-SaaS/src/components/ui/input.tsx
D:/saas/AgentCoding/V3/Yamato-SaaS/node_modules/@radix-ui/react-label/dist/index.d.mts
D:/saas/AgentCoding/V3/Yamato-SaaS/src/components/ui/label.tsx
D:/saas/AgentCoding/V3/Yamato-SaaS/src/features/note/NoteForm.tsx
D:/saas/AgentCoding/V3/Yamato-SaaS/src/features/note/NoteSkeleton.tsx
D:/saas/AgentCoding/V3/Yamato-SaaS/src/features/note/NoteList.tsx
D:/saas/AgentCoding/V3/Yamato-SaaS/src/app/[locale]/(auth)/dashboard/notes/page.tsx
D:/saas/AgentCoding/V3/Yamato-SaaS/src/app/[locale]/(auth)/dashboard/organization-profile/[[...organization-profile]]/page.tsx
D:/saas/AgentCoding/V3/Yamato-SaaS/node_modules/@hookform/resolvers/zod/dist/types.d.ts
D:/saas/AgentCoding/V3/Yamato-SaaS/node_modules/@hookform/resolvers/zod/dist/zod.d.ts
D:/saas/AgentCoding/V3/Yamato-SaaS/node_modules/@hookform/resolvers/zod/dist/index.d.ts
D:/saas/AgentCoding/V3/Yamato-SaaS/src/components/ui/form.tsx
D:/saas/AgentCoding/V3/Yamato-SaaS/node_modules/@radix-ui/react-select/dist/index.d.mts
D:/saas/AgentCoding/V3/Yamato-SaaS/src/components/ui/select.tsx
D:/saas/AgentCoding/V3/Yamato-SaaS/node_modules/@radix-ui/react-tabs/dist/index.d.mts
D:/saas/AgentCoding/V3/Yamato-SaaS/src/components/ui/tabs.tsx
D:/saas/AgentCoding/V3/Yamato-SaaS/src/components/ui/textarea.tsx
D:/saas/AgentCoding/V3/Yamato-SaaS/src/features/plandetail/PlanDetailForm.tsx
D:/saas/AgentCoding/V3/Yamato-SaaS/src/features/plandetail/PlanDetailSkeleton.tsx
D:/saas/AgentCoding/V3/Yamato-SaaS/node_modules/@radix-ui/react-dialog/dist/index.d.mts
D:/saas/AgentCoding/V3/Yamato-SaaS/src/components/ui/dialog.tsx
D:/saas/AgentCoding/V3/Yamato-SaaS/src/features/plandetail/PlanDetailImportModal.tsx
D:/saas/AgentCoding/V3/Yamato-SaaS/src/features/plandetail/PlanDetailList.tsx
D:/saas/AgentCoding/V3/Yamato-SaaS/src/app/[locale]/(auth)/dashboard/plandetails/page.tsx
D:/saas/AgentCoding/V3/Yamato-SaaS/src/features/plan/PlanForm.tsx
D:/saas/AgentCoding/V3/Yamato-SaaS/src/features/plan/PlanSkeleton.tsx
D:/saas/AgentCoding/V3/Yamato-SaaS/src/features/plan/PlanImportModal.tsx
D:/saas/AgentCoding/V3/Yamato-SaaS/src/features/plan/PlanList.tsx
D:/saas/AgentCoding/V3/Yamato-SaaS/src/app/[locale]/(auth)/dashboard/plans/page.tsx
D:/saas/AgentCoding/V3/Yamato-SaaS/src/features/process/ProcessForm.tsx
D:/saas/AgentCoding/V3/Yamato-SaaS/src/features/process/ProcessSkeleton.tsx
D:/saas/AgentCoding/V3/Yamato-SaaS/src/features/process/ProcessImportModal.tsx
D:/saas/AgentCoding/V3/Yamato-SaaS/src/features/process/ProcessList.tsx
D:/saas/AgentCoding/V3/Yamato-SaaS/src/app/[locale]/(auth)/dashboard/processes/page.tsx
D:/saas/AgentCoding/V3/Yamato-SaaS/node_modules/@tanstack/table-core/build/lib/utils.d.ts
D:/saas/AgentCoding/V3/Yamato-SaaS/node_modules/@tanstack/table-core/build/lib/core/table.d.ts
D:/saas/AgentCoding/V3/Yamato-SaaS/node_modules/@tanstack/table-core/build/lib/features/ColumnVisibility.d.ts
D:/saas/AgentCoding/V3/Yamato-SaaS/node_modules/@tanstack/table-core/build/lib/features/ColumnOrdering.d.ts
D:/saas/AgentCoding/V3/Yamato-SaaS/node_modules/@tanstack/table-core/build/lib/features/ColumnPinning.d.ts
D:/saas/AgentCoding/V3/Yamato-SaaS/node_modules/@tanstack/table-core/build/lib/features/RowPinning.d.ts
D:/saas/AgentCoding/V3/Yamato-SaaS/node_modules/@tanstack/table-core/build/lib/core/headers.d.ts
D:/saas/AgentCoding/V3/Yamato-SaaS/node_modules/@tanstack/table-core/build/lib/features/ColumnFaceting.d.ts
D:/saas/AgentCoding/V3/Yamato-SaaS/node_modules/@tanstack/table-core/build/lib/features/GlobalFaceting.d.ts
D:/saas/AgentCoding/V3/Yamato-SaaS/node_modules/@tanstack/table-core/build/lib/filterFns.d.ts
D:/saas/AgentCoding/V3/Yamato-SaaS/node_modules/@tanstack/table-core/build/lib/features/ColumnFiltering.d.ts
D:/saas/AgentCoding/V3/Yamato-SaaS/node_modules/@tanstack/table-core/build/lib/features/GlobalFiltering.d.ts
D:/saas/AgentCoding/V3/Yamato-SaaS/node_modules/@tanstack/table-core/build/lib/sortingFns.d.ts
D:/saas/AgentCoding/V3/Yamato-SaaS/node_modules/@tanstack/table-core/build/lib/features/RowSorting.d.ts
D:/saas/AgentCoding/V3/Yamato-SaaS/node_modules/@tanstack/table-core/build/lib/aggregationFns.d.ts
D:/saas/AgentCoding/V3/Yamato-SaaS/node_modules/@tanstack/table-core/build/lib/features/ColumnGrouping.d.ts
D:/saas/AgentCoding/V3/Yamato-SaaS/node_modules/@tanstack/table-core/build/lib/features/RowExpanding.d.ts
D:/saas/AgentCoding/V3/Yamato-SaaS/node_modules/@tanstack/table-core/build/lib/features/ColumnSizing.d.ts
D:/saas/AgentCoding/V3/Yamato-SaaS/node_modules/@tanstack/table-core/build/lib/features/RowPagination.d.ts
D:/saas/AgentCoding/V3/Yamato-SaaS/node_modules/@tanstack/table-core/build/lib/features/RowSelection.d.ts
D:/saas/AgentCoding/V3/Yamato-SaaS/node_modules/@tanstack/table-core/build/lib/core/row.d.ts
D:/saas/AgentCoding/V3/Yamato-SaaS/node_modules/@tanstack/table-core/build/lib/core/cell.d.ts
D:/saas/AgentCoding/V3/Yamato-SaaS/node_modules/@tanstack/table-core/build/lib/core/column.d.ts
D:/saas/AgentCoding/V3/Yamato-SaaS/node_modules/@tanstack/table-core/build/lib/types.d.ts
D:/saas/AgentCoding/V3/Yamato-SaaS/node_modules/@tanstack/table-core/build/lib/columnHelper.d.ts
D:/saas/AgentCoding/V3/Yamato-SaaS/node_modules/@tanstack/table-core/build/lib/utils/getCoreRowModel.d.ts
D:/saas/AgentCoding/V3/Yamato-SaaS/node_modules/@tanstack/table-core/build/lib/utils/getExpandedRowModel.d.ts
D:/saas/AgentCoding/V3/Yamato-SaaS/node_modules/@tanstack/table-core/build/lib/utils/getFacetedMinMaxValues.d.ts
D:/saas/AgentCoding/V3/Yamato-SaaS/node_modules/@tanstack/table-core/build/lib/utils/getFacetedRowModel.d.ts
D:/saas/AgentCoding/V3/Yamato-SaaS/node_modules/@tanstack/table-core/build/lib/utils/getFacetedUniqueValues.d.ts
D:/saas/AgentCoding/V3/Yamato-SaaS/node_modules/@tanstack/table-core/build/lib/utils/getFilteredRowModel.d.ts
D:/saas/AgentCoding/V3/Yamato-SaaS/node_modules/@tanstack/table-core/build/lib/utils/getGroupedRowModel.d.ts
D:/saas/AgentCoding/V3/Yamato-SaaS/node_modules/@tanstack/table-core/build/lib/utils/getPaginationRowModel.d.ts
D:/saas/AgentCoding/V3/Yamato-SaaS/node_modules/@tanstack/table-core/build/lib/utils/getSortedRowModel.d.ts
D:/saas/AgentCoding/V3/Yamato-SaaS/node_modules/@tanstack/table-core/build/lib/index.d.ts
D:/saas/AgentCoding/V3/Yamato-SaaS/node_modules/@tanstack/react-table/build/lib/index.d.ts
D:/saas/AgentCoding/V3/Yamato-SaaS/node_modules/use-debounce/dist/useDebouncedCallback.d.ts
D:/saas/AgentCoding/V3/Yamato-SaaS/node_modules/use-debounce/dist/useDebounce.d.ts
D:/saas/AgentCoding/V3/Yamato-SaaS/node_modules/use-debounce/dist/useThrottledCallback.d.ts
D:/saas/AgentCoding/V3/Yamato-SaaS/node_modules/use-debounce/dist/index.d.ts
D:/saas/AgentCoding/V3/Yamato-SaaS/src/components/ui/table.tsx
D:/saas/AgentCoding/V3/Yamato-SaaS/src/features/product-step-crosstab/ProductStepCrosstabFilter.tsx
D:/saas/AgentCoding/V3/Yamato-SaaS/src/features/product-step-crosstab/ProductStepCrosstabContainer.tsx
D:/saas/AgentCoding/V3/Yamato-SaaS/src/app/[locale]/(auth)/dashboard/product-step-crosstab/page.tsx
D:/saas/AgentCoding/V3/Yamato-SaaS/src/features/productionStepDetail/ProductionStepDetailForm.tsx
D:/saas/AgentCoding/V3/Yamato-SaaS/src/features/productionStepDetail/ProductionStepDetailSkeleton.tsx
D:/saas/AgentCoding/V3/Yamato-SaaS/src/features/productionStepDetail/ProductionStepDetailList.tsx
D:/saas/AgentCoding/V3/Yamato-SaaS/src/app/[locale]/(auth)/dashboard/production-step-details/page.tsx
D:/saas/AgentCoding/V3/Yamato-SaaS/src/features/productionStep/MultiAssignConfigForm.tsx
D:/saas/AgentCoding/V3/Yamato-SaaS/src/features/productionStep/MultiAssignPreview.tsx
D:/saas/AgentCoding/V3/Yamato-SaaS/src/features/productionStep/MultiAssignProgress.tsx
D:/saas/AgentCoding/V3/Yamato-SaaS/src/components/MultiSelectList.tsx
D:/saas/AgentCoding/V3/Yamato-SaaS/src/features/productionStep/ProductMultiSelect.tsx
D:/saas/AgentCoding/V3/Yamato-SaaS/src/features/productionStep/StepMultiSelect.tsx
D:/saas/AgentCoding/V3/Yamato-SaaS/src/app/[locale]/(auth)/dashboard/production-step-details/multi-assign/page.tsx
D:/saas/AgentCoding/V3/Yamato-SaaS/src/features/productionStep/ProductionStepForm.tsx
D:/saas/AgentCoding/V3/Yamato-SaaS/src/features/productionStep/ProductionStepImportModal.tsx
D:/saas/AgentCoding/V3/Yamato-SaaS/src/features/productionStep/ProductionStepList.tsx
D:/saas/AgentCoding/V3/Yamato-SaaS/src/app/[locale]/(auth)/dashboard/production-steps/page.tsx
D:/saas/AgentCoding/V3/Yamato-SaaS/src/features/product/ProductForm.tsx
D:/saas/AgentCoding/V3/Yamato-SaaS/src/features/product/ProductSkeleton.tsx
D:/saas/AgentCoding/V3/Yamato-SaaS/src/features/product/ProductImportModal.tsx
D:/saas/AgentCoding/V3/Yamato-SaaS/src/features/product/ProductList.tsx
D:/saas/AgentCoding/V3/Yamato-SaaS/src/app/[locale]/(auth)/dashboard/products/page.tsx
D:/saas/AgentCoding/V3/Yamato-SaaS/src/features/productsub/ProductSubForm.tsx
D:/saas/AgentCoding/V3/Yamato-SaaS/src/features/productsub/ProductSubSkeleton.tsx
D:/saas/AgentCoding/V3/Yamato-SaaS/src/features/productsub/ProductSubImportModal.tsx
D:/saas/AgentCoding/V3/Yamato-SaaS/src/features/productsub/ProductSubList.tsx
D:/saas/AgentCoding/V3/Yamato-SaaS/src/app/[locale]/(auth)/dashboard/productsubs/page.tsx
D:/saas/AgentCoding/V3/Yamato-SaaS/src/features/todo/TodoForm.tsx
D:/saas/AgentCoding/V3/Yamato-SaaS/src/features/todo/TodoSkeleton.tsx
D:/saas/AgentCoding/V3/Yamato-SaaS/src/features/todo/TodoList.tsx
D:/saas/AgentCoding/V3/Yamato-SaaS/src/app/[locale]/(auth)/dashboard/todos/page.tsx
D:/saas/AgentCoding/V3/Yamato-SaaS/src/app/[locale]/(auth)/dashboard/user-profile/[[...user-profile]]/page.tsx
D:/saas/AgentCoding/V3/Yamato-SaaS/src/features/user_sync/UserSyncForm.tsx
D:/saas/AgentCoding/V3/Yamato-SaaS/src/features/user_sync/UserSyncSkeleton.tsx
D:/saas/AgentCoding/V3/Yamato-SaaS/src/features/user_sync/UserSyncImportModal.tsx
D:/saas/AgentCoding/V3/Yamato-SaaS/src/features/user_sync/UserSyncList.tsx
D:/saas/AgentCoding/V3/Yamato-SaaS/src/app/[locale]/(auth)/dashboard/user_syncs/page.tsx
D:/saas/AgentCoding/V3/Yamato-SaaS/src/features/workTable/WorkTableDetail.tsx
D:/saas/AgentCoding/V3/Yamato-SaaS/src/features/workTable/WorkTableForm.tsx
D:/saas/AgentCoding/V3/Yamato-SaaS/src/features/workTable/WorkTableList.tsx
D:/saas/AgentCoding/V3/Yamato-SaaS/src/app/[locale]/(auth)/dashboard/work-tables/page.tsx
D:/saas/AgentCoding/V3/Yamato-SaaS/src/app/[locale]/(auth)/onboarding/organization-selection/page.tsx
D:/saas/AgentCoding/V3/Yamato-SaaS/src/components/Background.tsx
D:/saas/AgentCoding/V3/Yamato-SaaS/src/features/landing/FeatureCard.tsx
D:/saas/AgentCoding/V3/Yamato-SaaS/src/features/landing/Section.tsx
D:/saas/AgentCoding/V3/Yamato-SaaS/src/templates/Features.tsx
D:/saas/AgentCoding/V3/Yamato-SaaS/src/features/landing/CenteredFooter.tsx
D:/saas/AgentCoding/V3/Yamato-SaaS/src/templates/Footer.tsx
D:/saas/AgentCoding/V3/Yamato-SaaS/src/features/landing/CenteredHero.tsx
D:/saas/AgentCoding/V3/Yamato-SaaS/src/templates/Hero.tsx
D:/saas/AgentCoding/V3/Yamato-SaaS/src/features/landing/CenteredMenu.tsx
D:/saas/AgentCoding/V3/Yamato-SaaS/src/templates/Navbar.tsx
D:/saas/AgentCoding/V3/Yamato-SaaS/src/templates/Sponsors.tsx
D:/saas/AgentCoding/V3/Yamato-SaaS/src/app/[locale]/(unauth)/page.tsx
D:/saas/AgentCoding/V3/Yamato-SaaS/node_modules/storybook/node_modules/@storybook/core/dist/csf/index.d.ts
D:/saas/AgentCoding/V3/Yamato-SaaS/node_modules/storybook/node_modules/@storybook/core/dist/channels/index.d.ts
D:/saas/AgentCoding/V3/Yamato-SaaS/node_modules/storybook/node_modules/@storybook/core/dist/types/index.d.ts
D:/saas/AgentCoding/V3/Yamato-SaaS/node_modules/storybook/core/types/index.d.ts
D:/saas/AgentCoding/V3/Yamato-SaaS/node_modules/@storybook/react/dist/types-5617c98e.d.ts
D:/saas/AgentCoding/V3/Yamato-SaaS/node_modules/@storybook/react/dist/public-types-f2c70f25.d.ts
D:/saas/AgentCoding/V3/Yamato-SaaS/node_modules/storybook/core/csf/index.d.ts
D:/saas/AgentCoding/V3/Yamato-SaaS/node_modules/@storybook/react/dist/preview.d.ts
D:/saas/AgentCoding/V3/Yamato-SaaS/node_modules/@storybook/react/dist/index.d.ts
D:/saas/AgentCoding/V3/Yamato-SaaS/src/components/Background.stories.tsx
D:/saas/AgentCoding/V3/Yamato-SaaS/src/components/DemoBadge.tsx
D:/saas/AgentCoding/V3/Yamato-SaaS/node_modules/@radix-ui/react-collapsible/dist/index.d.mts
D:/saas/AgentCoding/V3/Yamato-SaaS/node_modules/@radix-ui/react-accordion/dist/index.d.mts
D:/saas/AgentCoding/V3/Yamato-SaaS/src/components/ui/accordion.tsx
D:/saas/AgentCoding/V3/Yamato-SaaS/src/components/ui/badge.tsx
D:/saas/AgentCoding/V3/Yamato-SaaS/src/components/ui/data-table.tsx
D:/saas/AgentCoding/V3/Yamato-SaaS/node_modules/@radix-ui/react-tooltip/dist/index.d.mts
D:/saas/AgentCoding/V3/Yamato-SaaS/src/components/ui/tooltip.tsx
D:/saas/AgentCoding/V3/Yamato-SaaS/src/features/auth/ProtectFallback.tsx
D:/saas/AgentCoding/V3/Yamato-SaaS/src/features/billing/PricingCard.tsx
D:/saas/AgentCoding/V3/Yamato-SaaS/src/features/billing/PricingFeature.tsx
D:/saas/AgentCoding/V3/Yamato-SaaS/src/features/billing/PricingInformation.tsx
D:/saas/AgentCoding/V3/Yamato-SaaS/src/features/dashboard/DashboardSection.tsx
D:/saas/AgentCoding/V3/Yamato-SaaS/src/features/landing/CTABanner.tsx
D:/saas/AgentCoding/V3/Yamato-SaaS/src/features/landing/StickyBanner.tsx
D:/saas/AgentCoding/V3/Yamato-SaaS/src/features/productionStep/ProductionStepSkeleton.tsx
D:/saas/AgentCoding/V3/Yamato-SaaS/node_modules/@radix-ui/react-icons/dist/types.d.ts
D:/saas/AgentCoding/V3/Yamato-SaaS/node_modules/@radix-ui/react-icons/dist/AccessibilityIcon.d.ts
D:/saas/AgentCoding/V3/Yamato-SaaS/node_modules/@radix-ui/react-icons/dist/ActivityLogIcon.d.ts
D:/saas/AgentCoding/V3/Yamato-SaaS/node_modules/@radix-ui/react-icons/dist/AlignBaselineIcon.d.ts
D:/saas/AgentCoding/V3/Yamato-SaaS/node_modules/@radix-ui/react-icons/dist/AlignBottomIcon.d.ts
D:/saas/AgentCoding/V3/Yamato-SaaS/node_modules/@radix-ui/react-icons/dist/AlignCenterHorizontallyIcon.d.ts
D:/saas/AgentCoding/V3/Yamato-SaaS/node_modules/@radix-ui/react-icons/dist/AlignCenterVerticallyIcon.d.ts
D:/saas/AgentCoding/V3/Yamato-SaaS/node_modules/@radix-ui/react-icons/dist/AlignLeftIcon.d.ts
D:/saas/AgentCoding/V3/Yamato-SaaS/node_modules/@radix-ui/react-icons/dist/AlignRightIcon.d.ts
D:/saas/AgentCoding/V3/Yamato-SaaS/node_modules/@radix-ui/react-icons/dist/AlignTopIcon.d.ts
D:/saas/AgentCoding/V3/Yamato-SaaS/node_modules/@radix-ui/react-icons/dist/AllSidesIcon.d.ts
D:/saas/AgentCoding/V3/Yamato-SaaS/node_modules/@radix-ui/react-icons/dist/AngleIcon.d.ts
D:/saas/AgentCoding/V3/Yamato-SaaS/node_modules/@radix-ui/react-icons/dist/ArchiveIcon.d.ts
D:/saas/AgentCoding/V3/Yamato-SaaS/node_modules/@radix-ui/react-icons/dist/ArrowBottomLeftIcon.d.ts
D:/saas/AgentCoding/V3/Yamato-SaaS/node_modules/@radix-ui/react-icons/dist/ArrowBottomRightIcon.d.ts
D:/saas/AgentCoding/V3/Yamato-SaaS/node_modules/@radix-ui/react-icons/dist/ArrowDownIcon.d.ts
D:/saas/AgentCoding/V3/Yamato-SaaS/node_modules/@radix-ui/react-icons/dist/ArrowLeftIcon.d.ts
D:/saas/AgentCoding/V3/Yamato-SaaS/node_modules/@radix-ui/react-icons/dist/ArrowRightIcon.d.ts
D:/saas/AgentCoding/V3/Yamato-SaaS/node_modules/@radix-ui/react-icons/dist/ArrowTopLeftIcon.d.ts
D:/saas/AgentCoding/V3/Yamato-SaaS/node_modules/@radix-ui/react-icons/dist/ArrowTopRightIcon.d.ts
D:/saas/AgentCoding/V3/Yamato-SaaS/node_modules/@radix-ui/react-icons/dist/ArrowUpIcon.d.ts
D:/saas/AgentCoding/V3/Yamato-SaaS/node_modules/@radix-ui/react-icons/dist/AspectRatioIcon.d.ts
D:/saas/AgentCoding/V3/Yamato-SaaS/node_modules/@radix-ui/react-icons/dist/AvatarIcon.d.ts
D:/saas/AgentCoding/V3/Yamato-SaaS/node_modules/@radix-ui/react-icons/dist/BackpackIcon.d.ts
D:/saas/AgentCoding/V3/Yamato-SaaS/node_modules/@radix-ui/react-icons/dist/BadgeIcon.d.ts
D:/saas/AgentCoding/V3/Yamato-SaaS/node_modules/@radix-ui/react-icons/dist/BarChartIcon.d.ts
D:/saas/AgentCoding/V3/Yamato-SaaS/node_modules/@radix-ui/react-icons/dist/BellIcon.d.ts
D:/saas/AgentCoding/V3/Yamato-SaaS/node_modules/@radix-ui/react-icons/dist/BlendingModeIcon.d.ts
D:/saas/AgentCoding/V3/Yamato-SaaS/node_modules/@radix-ui/react-icons/dist/BookmarkIcon.d.ts
D:/saas/AgentCoding/V3/Yamato-SaaS/node_modules/@radix-ui/react-icons/dist/BookmarkFilledIcon.d.ts
D:/saas/AgentCoding/V3/Yamato-SaaS/node_modules/@radix-ui/react-icons/dist/BorderAllIcon.d.ts
D:/saas/AgentCoding/V3/Yamato-SaaS/node_modules/@radix-ui/react-icons/dist/BorderBottomIcon.d.ts
D:/saas/AgentCoding/V3/Yamato-SaaS/node_modules/@radix-ui/react-icons/dist/BorderDashedIcon.d.ts
D:/saas/AgentCoding/V3/Yamato-SaaS/node_modules/@radix-ui/react-icons/dist/BorderDottedIcon.d.ts
D:/saas/AgentCoding/V3/Yamato-SaaS/node_modules/@radix-ui/react-icons/dist/BorderLeftIcon.d.ts
D:/saas/AgentCoding/V3/Yamato-SaaS/node_modules/@radix-ui/react-icons/dist/BorderNoneIcon.d.ts
D:/saas/AgentCoding/V3/Yamato-SaaS/node_modules/@radix-ui/react-icons/dist/BorderRightIcon.d.ts
D:/saas/AgentCoding/V3/Yamato-SaaS/node_modules/@radix-ui/react-icons/dist/BorderSolidIcon.d.ts
D:/saas/AgentCoding/V3/Yamato-SaaS/node_modules/@radix-ui/react-icons/dist/BorderSplitIcon.d.ts
D:/saas/AgentCoding/V3/Yamato-SaaS/node_modules/@radix-ui/react-icons/dist/BorderStyleIcon.d.ts
D:/saas/AgentCoding/V3/Yamato-SaaS/node_modules/@radix-ui/react-icons/dist/BorderTopIcon.d.ts
D:/saas/AgentCoding/V3/Yamato-SaaS/node_modules/@radix-ui/react-icons/dist/BorderWidthIcon.d.ts
D:/saas/AgentCoding/V3/Yamato-SaaS/node_modules/@radix-ui/react-icons/dist/BoxIcon.d.ts
D:/saas/AgentCoding/V3/Yamato-SaaS/node_modules/@radix-ui/react-icons/dist/BoxModelIcon.d.ts
D:/saas/AgentCoding/V3/Yamato-SaaS/node_modules/@radix-ui/react-icons/dist/ButtonIcon.d.ts
D:/saas/AgentCoding/V3/Yamato-SaaS/node_modules/@radix-ui/react-icons/dist/CalendarIcon.d.ts
D:/saas/AgentCoding/V3/Yamato-SaaS/node_modules/@radix-ui/react-icons/dist/CameraIcon.d.ts
D:/saas/AgentCoding/V3/Yamato-SaaS/node_modules/@radix-ui/react-icons/dist/CardStackIcon.d.ts
D:/saas/AgentCoding/V3/Yamato-SaaS/node_modules/@radix-ui/react-icons/dist/CardStackMinusIcon.d.ts
D:/saas/AgentCoding/V3/Yamato-SaaS/node_modules/@radix-ui/react-icons/dist/CardStackPlusIcon.d.ts
D:/saas/AgentCoding/V3/Yamato-SaaS/node_modules/@radix-ui/react-icons/dist/CaretDownIcon.d.ts
D:/saas/AgentCoding/V3/Yamato-SaaS/node_modules/@radix-ui/react-icons/dist/CaretLeftIcon.d.ts
D:/saas/AgentCoding/V3/Yamato-SaaS/node_modules/@radix-ui/react-icons/dist/CaretRightIcon.d.ts
D:/saas/AgentCoding/V3/Yamato-SaaS/node_modules/@radix-ui/react-icons/dist/CaretSortIcon.d.ts
D:/saas/AgentCoding/V3/Yamato-SaaS/node_modules/@radix-ui/react-icons/dist/CaretUpIcon.d.ts
D:/saas/AgentCoding/V3/Yamato-SaaS/node_modules/@radix-ui/react-icons/dist/ChatBubbleIcon.d.ts
D:/saas/AgentCoding/V3/Yamato-SaaS/node_modules/@radix-ui/react-icons/dist/CheckIcon.d.ts
D:/saas/AgentCoding/V3/Yamato-SaaS/node_modules/@radix-ui/react-icons/dist/CheckCircledIcon.d.ts
D:/saas/AgentCoding/V3/Yamato-SaaS/node_modules/@radix-ui/react-icons/dist/CheckboxIcon.d.ts
D:/saas/AgentCoding/V3/Yamato-SaaS/node_modules/@radix-ui/react-icons/dist/ChevronDownIcon.d.ts
D:/saas/AgentCoding/V3/Yamato-SaaS/node_modules/@radix-ui/react-icons/dist/ChevronLeftIcon.d.ts
D:/saas/AgentCoding/V3/Yamato-SaaS/node_modules/@radix-ui/react-icons/dist/ChevronRightIcon.d.ts
D:/saas/AgentCoding/V3/Yamato-SaaS/node_modules/@radix-ui/react-icons/dist/ChevronUpIcon.d.ts
D:/saas/AgentCoding/V3/Yamato-SaaS/node_modules/@radix-ui/react-icons/dist/CircleIcon.d.ts
D:/saas/AgentCoding/V3/Yamato-SaaS/node_modules/@radix-ui/react-icons/dist/CircleBackslashIcon.d.ts
D:/saas/AgentCoding/V3/Yamato-SaaS/node_modules/@radix-ui/react-icons/dist/ClipboardIcon.d.ts
D:/saas/AgentCoding/V3/Yamato-SaaS/node_modules/@radix-ui/react-icons/dist/ClipboardCopyIcon.d.ts
D:/saas/AgentCoding/V3/Yamato-SaaS/node_modules/@radix-ui/react-icons/dist/ClockIcon.d.ts
D:/saas/AgentCoding/V3/Yamato-SaaS/node_modules/@radix-ui/react-icons/dist/CodeIcon.d.ts
D:/saas/AgentCoding/V3/Yamato-SaaS/node_modules/@radix-ui/react-icons/dist/CodeSandboxLogoIcon.d.ts
D:/saas/AgentCoding/V3/Yamato-SaaS/node_modules/@radix-ui/react-icons/dist/ColorWheelIcon.d.ts
D:/saas/AgentCoding/V3/Yamato-SaaS/node_modules/@radix-ui/react-icons/dist/ColumnSpacingIcon.d.ts
D:/saas/AgentCoding/V3/Yamato-SaaS/node_modules/@radix-ui/react-icons/dist/ColumnsIcon.d.ts
D:/saas/AgentCoding/V3/Yamato-SaaS/node_modules/@radix-ui/react-icons/dist/CommitIcon.d.ts
D:/saas/AgentCoding/V3/Yamato-SaaS/node_modules/@radix-ui/react-icons/dist/Component1Icon.d.ts
D:/saas/AgentCoding/V3/Yamato-SaaS/node_modules/@radix-ui/react-icons/dist/Component2Icon.d.ts
D:/saas/AgentCoding/V3/Yamato-SaaS/node_modules/@radix-ui/react-icons/dist/ComponentBooleanIcon.d.ts
D:/saas/AgentCoding/V3/Yamato-SaaS/node_modules/@radix-ui/react-icons/dist/ComponentInstanceIcon.d.ts
D:/saas/AgentCoding/V3/Yamato-SaaS/node_modules/@radix-ui/react-icons/dist/ComponentNoneIcon.d.ts
D:/saas/AgentCoding/V3/Yamato-SaaS/node_modules/@radix-ui/react-icons/dist/ComponentPlaceholderIcon.d.ts
D:/saas/AgentCoding/V3/Yamato-SaaS/node_modules/@radix-ui/react-icons/dist/ContainerIcon.d.ts
D:/saas/AgentCoding/V3/Yamato-SaaS/node_modules/@radix-ui/react-icons/dist/CookieIcon.d.ts
D:/saas/AgentCoding/V3/Yamato-SaaS/node_modules/@radix-ui/react-icons/dist/CopyIcon.d.ts
D:/saas/AgentCoding/V3/Yamato-SaaS/node_modules/@radix-ui/react-icons/dist/CornerBottomLeftIcon.d.ts
D:/saas/AgentCoding/V3/Yamato-SaaS/node_modules/@radix-ui/react-icons/dist/CornerBottomRightIcon.d.ts
D:/saas/AgentCoding/V3/Yamato-SaaS/node_modules/@radix-ui/react-icons/dist/CornerTopLeftIcon.d.ts
D:/saas/AgentCoding/V3/Yamato-SaaS/node_modules/@radix-ui/react-icons/dist/CornerTopRightIcon.d.ts
D:/saas/AgentCoding/V3/Yamato-SaaS/node_modules/@radix-ui/react-icons/dist/CornersIcon.d.ts
D:/saas/AgentCoding/V3/Yamato-SaaS/node_modules/@radix-ui/react-icons/dist/CountdownTimerIcon.d.ts
D:/saas/AgentCoding/V3/Yamato-SaaS/node_modules/@radix-ui/react-icons/dist/CounterClockwiseClockIcon.d.ts
D:/saas/AgentCoding/V3/Yamato-SaaS/node_modules/@radix-ui/react-icons/dist/CropIcon.d.ts
D:/saas/AgentCoding/V3/Yamato-SaaS/node_modules/@radix-ui/react-icons/dist/Cross1Icon.d.ts
D:/saas/AgentCoding/V3/Yamato-SaaS/node_modules/@radix-ui/react-icons/dist/Cross2Icon.d.ts
D:/saas/AgentCoding/V3/Yamato-SaaS/node_modules/@radix-ui/react-icons/dist/CrossCircledIcon.d.ts
D:/saas/AgentCoding/V3/Yamato-SaaS/node_modules/@radix-ui/react-icons/dist/Crosshair1Icon.d.ts
D:/saas/AgentCoding/V3/Yamato-SaaS/node_modules/@radix-ui/react-icons/dist/Crosshair2Icon.d.ts
D:/saas/AgentCoding/V3/Yamato-SaaS/node_modules/@radix-ui/react-icons/dist/CrumpledPaperIcon.d.ts
D:/saas/AgentCoding/V3/Yamato-SaaS/node_modules/@radix-ui/react-icons/dist/CubeIcon.d.ts
D:/saas/AgentCoding/V3/Yamato-SaaS/node_modules/@radix-ui/react-icons/dist/CursorArrowIcon.d.ts
D:/saas/AgentCoding/V3/Yamato-SaaS/node_modules/@radix-ui/react-icons/dist/CursorTextIcon.d.ts
D:/saas/AgentCoding/V3/Yamato-SaaS/node_modules/@radix-ui/react-icons/dist/DashIcon.d.ts
D:/saas/AgentCoding/V3/Yamato-SaaS/node_modules/@radix-ui/react-icons/dist/DashboardIcon.d.ts
D:/saas/AgentCoding/V3/Yamato-SaaS/node_modules/@radix-ui/react-icons/dist/DesktopIcon.d.ts
D:/saas/AgentCoding/V3/Yamato-SaaS/node_modules/@radix-ui/react-icons/dist/DimensionsIcon.d.ts
D:/saas/AgentCoding/V3/Yamato-SaaS/node_modules/@radix-ui/react-icons/dist/DiscIcon.d.ts
D:/saas/AgentCoding/V3/Yamato-SaaS/node_modules/@radix-ui/react-icons/dist/DiscordLogoIcon.d.ts
D:/saas/AgentCoding/V3/Yamato-SaaS/node_modules/@radix-ui/react-icons/dist/DividerHorizontalIcon.d.ts
D:/saas/AgentCoding/V3/Yamato-SaaS/node_modules/@radix-ui/react-icons/dist/DividerVerticalIcon.d.ts
D:/saas/AgentCoding/V3/Yamato-SaaS/node_modules/@radix-ui/react-icons/dist/DotIcon.d.ts
D:/saas/AgentCoding/V3/Yamato-SaaS/node_modules/@radix-ui/react-icons/dist/DotFilledIcon.d.ts
D:/saas/AgentCoding/V3/Yamato-SaaS/node_modules/@radix-ui/react-icons/dist/DotsHorizontalIcon.d.ts
D:/saas/AgentCoding/V3/Yamato-SaaS/node_modules/@radix-ui/react-icons/dist/DotsVerticalIcon.d.ts
D:/saas/AgentCoding/V3/Yamato-SaaS/node_modules/@radix-ui/react-icons/dist/DoubleArrowDownIcon.d.ts
D:/saas/AgentCoding/V3/Yamato-SaaS/node_modules/@radix-ui/react-icons/dist/DoubleArrowLeftIcon.d.ts
D:/saas/AgentCoding/V3/Yamato-SaaS/node_modules/@radix-ui/react-icons/dist/DoubleArrowRightIcon.d.ts
D:/saas/AgentCoding/V3/Yamato-SaaS/node_modules/@radix-ui/react-icons/dist/DoubleArrowUpIcon.d.ts
D:/saas/AgentCoding/V3/Yamato-SaaS/node_modules/@radix-ui/react-icons/dist/DownloadIcon.d.ts
D:/saas/AgentCoding/V3/Yamato-SaaS/node_modules/@radix-ui/react-icons/dist/DragHandleDots1Icon.d.ts
D:/saas/AgentCoding/V3/Yamato-SaaS/node_modules/@radix-ui/react-icons/dist/DragHandleDots2Icon.d.ts
D:/saas/AgentCoding/V3/Yamato-SaaS/node_modules/@radix-ui/react-icons/dist/DragHandleHorizontalIcon.d.ts
D:/saas/AgentCoding/V3/Yamato-SaaS/node_modules/@radix-ui/react-icons/dist/DragHandleVerticalIcon.d.ts
D:/saas/AgentCoding/V3/Yamato-SaaS/node_modules/@radix-ui/react-icons/dist/DrawingPinIcon.d.ts
D:/saas/AgentCoding/V3/Yamato-SaaS/node_modules/@radix-ui/react-icons/dist/DrawingPinFilledIcon.d.ts
D:/saas/AgentCoding/V3/Yamato-SaaS/node_modules/@radix-ui/react-icons/dist/DropdownMenuIcon.d.ts
D:/saas/AgentCoding/V3/Yamato-SaaS/node_modules/@radix-ui/react-icons/dist/EnterIcon.d.ts
D:/saas/AgentCoding/V3/Yamato-SaaS/node_modules/@radix-ui/react-icons/dist/EnterFullScreenIcon.d.ts
D:/saas/AgentCoding/V3/Yamato-SaaS/node_modules/@radix-ui/react-icons/dist/EnvelopeClosedIcon.d.ts
D:/saas/AgentCoding/V3/Yamato-SaaS/node_modules/@radix-ui/react-icons/dist/EnvelopeOpenIcon.d.ts
D:/saas/AgentCoding/V3/Yamato-SaaS/node_modules/@radix-ui/react-icons/dist/EraserIcon.d.ts
D:/saas/AgentCoding/V3/Yamato-SaaS/node_modules/@radix-ui/react-icons/dist/ExclamationTriangleIcon.d.ts
D:/saas/AgentCoding/V3/Yamato-SaaS/node_modules/@radix-ui/react-icons/dist/ExitIcon.d.ts
D:/saas/AgentCoding/V3/Yamato-SaaS/node_modules/@radix-ui/react-icons/dist/ExitFullScreenIcon.d.ts
D:/saas/AgentCoding/V3/Yamato-SaaS/node_modules/@radix-ui/react-icons/dist/ExternalLinkIcon.d.ts
D:/saas/AgentCoding/V3/Yamato-SaaS/node_modules/@radix-ui/react-icons/dist/EyeClosedIcon.d.ts
D:/saas/AgentCoding/V3/Yamato-SaaS/node_modules/@radix-ui/react-icons/dist/EyeNoneIcon.d.ts
D:/saas/AgentCoding/V3/Yamato-SaaS/node_modules/@radix-ui/react-icons/dist/EyeOpenIcon.d.ts
D:/saas/AgentCoding/V3/Yamato-SaaS/node_modules/@radix-ui/react-icons/dist/FaceIcon.d.ts
D:/saas/AgentCoding/V3/Yamato-SaaS/node_modules/@radix-ui/react-icons/dist/FigmaLogoIcon.d.ts
D:/saas/AgentCoding/V3/Yamato-SaaS/node_modules/@radix-ui/react-icons/dist/FileIcon.d.ts
D:/saas/AgentCoding/V3/Yamato-SaaS/node_modules/@radix-ui/react-icons/dist/FileMinusIcon.d.ts
D:/saas/AgentCoding/V3/Yamato-SaaS/node_modules/@radix-ui/react-icons/dist/FilePlusIcon.d.ts
D:/saas/AgentCoding/V3/Yamato-SaaS/node_modules/@radix-ui/react-icons/dist/FileTextIcon.d.ts
D:/saas/AgentCoding/V3/Yamato-SaaS/node_modules/@radix-ui/react-icons/dist/FontBoldIcon.d.ts
D:/saas/AgentCoding/V3/Yamato-SaaS/node_modules/@radix-ui/react-icons/dist/FontFamilyIcon.d.ts
D:/saas/AgentCoding/V3/Yamato-SaaS/node_modules/@radix-ui/react-icons/dist/FontItalicIcon.d.ts
D:/saas/AgentCoding/V3/Yamato-SaaS/node_modules/@radix-ui/react-icons/dist/FontRomanIcon.d.ts
D:/saas/AgentCoding/V3/Yamato-SaaS/node_modules/@radix-ui/react-icons/dist/FontSizeIcon.d.ts
D:/saas/AgentCoding/V3/Yamato-SaaS/node_modules/@radix-ui/react-icons/dist/FontStyleIcon.d.ts
D:/saas/AgentCoding/V3/Yamato-SaaS/node_modules/@radix-ui/react-icons/dist/FrameIcon.d.ts
D:/saas/AgentCoding/V3/Yamato-SaaS/node_modules/@radix-ui/react-icons/dist/FramerLogoIcon.d.ts
D:/saas/AgentCoding/V3/Yamato-SaaS/node_modules/@radix-ui/react-icons/dist/GearIcon.d.ts
D:/saas/AgentCoding/V3/Yamato-SaaS/node_modules/@radix-ui/react-icons/dist/GitHubLogoIcon.d.ts
D:/saas/AgentCoding/V3/Yamato-SaaS/node_modules/@radix-ui/react-icons/dist/GlobeIcon.d.ts
D:/saas/AgentCoding/V3/Yamato-SaaS/node_modules/@radix-ui/react-icons/dist/GridIcon.d.ts
D:/saas/AgentCoding/V3/Yamato-SaaS/node_modules/@radix-ui/react-icons/dist/GroupIcon.d.ts
D:/saas/AgentCoding/V3/Yamato-SaaS/node_modules/@radix-ui/react-icons/dist/Half1Icon.d.ts
D:/saas/AgentCoding/V3/Yamato-SaaS/node_modules/@radix-ui/react-icons/dist/Half2Icon.d.ts
D:/saas/AgentCoding/V3/Yamato-SaaS/node_modules/@radix-ui/react-icons/dist/HamburgerMenuIcon.d.ts
D:/saas/AgentCoding/V3/Yamato-SaaS/node_modules/@radix-ui/react-icons/dist/HandIcon.d.ts
D:/saas/AgentCoding/V3/Yamato-SaaS/node_modules/@radix-ui/react-icons/dist/HeadingIcon.d.ts
D:/saas/AgentCoding/V3/Yamato-SaaS/node_modules/@radix-ui/react-icons/dist/HeartIcon.d.ts
D:/saas/AgentCoding/V3/Yamato-SaaS/node_modules/@radix-ui/react-icons/dist/HeartFilledIcon.d.ts
D:/saas/AgentCoding/V3/Yamato-SaaS/node_modules/@radix-ui/react-icons/dist/HeightIcon.d.ts
D:/saas/AgentCoding/V3/Yamato-SaaS/node_modules/@radix-ui/react-icons/dist/HobbyKnifeIcon.d.ts
D:/saas/AgentCoding/V3/Yamato-SaaS/node_modules/@radix-ui/react-icons/dist/HomeIcon.d.ts
D:/saas/AgentCoding/V3/Yamato-SaaS/node_modules/@radix-ui/react-icons/dist/IconJarLogoIcon.d.ts
D:/saas/AgentCoding/V3/Yamato-SaaS/node_modules/@radix-ui/react-icons/dist/IdCardIcon.d.ts
D:/saas/AgentCoding/V3/Yamato-SaaS/node_modules/@radix-ui/react-icons/dist/ImageIcon.d.ts
D:/saas/AgentCoding/V3/Yamato-SaaS/node_modules/@radix-ui/react-icons/dist/InfoCircledIcon.d.ts
D:/saas/AgentCoding/V3/Yamato-SaaS/node_modules/@radix-ui/react-icons/dist/InputIcon.d.ts
D:/saas/AgentCoding/V3/Yamato-SaaS/node_modules/@radix-ui/react-icons/dist/InstagramLogoIcon.d.ts
D:/saas/AgentCoding/V3/Yamato-SaaS/node_modules/@radix-ui/react-icons/dist/KeyboardIcon.d.ts
D:/saas/AgentCoding/V3/Yamato-SaaS/node_modules/@radix-ui/react-icons/dist/LapTimerIcon.d.ts
D:/saas/AgentCoding/V3/Yamato-SaaS/node_modules/@radix-ui/react-icons/dist/LaptopIcon.d.ts
D:/saas/AgentCoding/V3/Yamato-SaaS/node_modules/@radix-ui/react-icons/dist/LayersIcon.d.ts
D:/saas/AgentCoding/V3/Yamato-SaaS/node_modules/@radix-ui/react-icons/dist/LayoutIcon.d.ts
D:/saas/AgentCoding/V3/Yamato-SaaS/node_modules/@radix-ui/react-icons/dist/LetterCaseCapitalizeIcon.d.ts
D:/saas/AgentCoding/V3/Yamato-SaaS/node_modules/@radix-ui/react-icons/dist/LetterCaseLowercaseIcon.d.ts
D:/saas/AgentCoding/V3/Yamato-SaaS/node_modules/@radix-ui/react-icons/dist/LetterCaseToggleIcon.d.ts
D:/saas/AgentCoding/V3/Yamato-SaaS/node_modules/@radix-ui/react-icons/dist/LetterCaseUppercaseIcon.d.ts
D:/saas/AgentCoding/V3/Yamato-SaaS/node_modules/@radix-ui/react-icons/dist/LetterSpacingIcon.d.ts
D:/saas/AgentCoding/V3/Yamato-SaaS/node_modules/@radix-ui/react-icons/dist/LightningBoltIcon.d.ts
D:/saas/AgentCoding/V3/Yamato-SaaS/node_modules/@radix-ui/react-icons/dist/LineHeightIcon.d.ts
D:/saas/AgentCoding/V3/Yamato-SaaS/node_modules/@radix-ui/react-icons/dist/Link1Icon.d.ts
D:/saas/AgentCoding/V3/Yamato-SaaS/node_modules/@radix-ui/react-icons/dist/Link2Icon.d.ts
D:/saas/AgentCoding/V3/Yamato-SaaS/node_modules/@radix-ui/react-icons/dist/LinkBreak1Icon.d.ts
D:/saas/AgentCoding/V3/Yamato-SaaS/node_modules/@radix-ui/react-icons/dist/LinkBreak2Icon.d.ts
D:/saas/AgentCoding/V3/Yamato-SaaS/node_modules/@radix-ui/react-icons/dist/LinkNone1Icon.d.ts
D:/saas/AgentCoding/V3/Yamato-SaaS/node_modules/@radix-ui/react-icons/dist/LinkNone2Icon.d.ts
D:/saas/AgentCoding/V3/Yamato-SaaS/node_modules/@radix-ui/react-icons/dist/LinkedInLogoIcon.d.ts
D:/saas/AgentCoding/V3/Yamato-SaaS/node_modules/@radix-ui/react-icons/dist/ListBulletIcon.d.ts
D:/saas/AgentCoding/V3/Yamato-SaaS/node_modules/@radix-ui/react-icons/dist/LockClosedIcon.d.ts
D:/saas/AgentCoding/V3/Yamato-SaaS/node_modules/@radix-ui/react-icons/dist/LockOpen1Icon.d.ts
D:/saas/AgentCoding/V3/Yamato-SaaS/node_modules/@radix-ui/react-icons/dist/LockOpen2Icon.d.ts
D:/saas/AgentCoding/V3/Yamato-SaaS/node_modules/@radix-ui/react-icons/dist/LoopIcon.d.ts
D:/saas/AgentCoding/V3/Yamato-SaaS/node_modules/@radix-ui/react-icons/dist/MagicWandIcon.d.ts
D:/saas/AgentCoding/V3/Yamato-SaaS/node_modules/@radix-ui/react-icons/dist/MagnifyingGlassIcon.d.ts
D:/saas/AgentCoding/V3/Yamato-SaaS/node_modules/@radix-ui/react-icons/dist/MarginIcon.d.ts
D:/saas/AgentCoding/V3/Yamato-SaaS/node_modules/@radix-ui/react-icons/dist/MaskOffIcon.d.ts
D:/saas/AgentCoding/V3/Yamato-SaaS/node_modules/@radix-ui/react-icons/dist/MaskOnIcon.d.ts
D:/saas/AgentCoding/V3/Yamato-SaaS/node_modules/@radix-ui/react-icons/dist/MinusIcon.d.ts
D:/saas/AgentCoding/V3/Yamato-SaaS/node_modules/@radix-ui/react-icons/dist/MinusCircledIcon.d.ts
D:/saas/AgentCoding/V3/Yamato-SaaS/node_modules/@radix-ui/react-icons/dist/MixIcon.d.ts
D:/saas/AgentCoding/V3/Yamato-SaaS/node_modules/@radix-ui/react-icons/dist/MixerHorizontalIcon.d.ts
D:/saas/AgentCoding/V3/Yamato-SaaS/node_modules/@radix-ui/react-icons/dist/MixerVerticalIcon.d.ts
D:/saas/AgentCoding/V3/Yamato-SaaS/node_modules/@radix-ui/react-icons/dist/MobileIcon.d.ts
D:/saas/AgentCoding/V3/Yamato-SaaS/node_modules/@radix-ui/react-icons/dist/ModulzLogoIcon.d.ts
D:/saas/AgentCoding/V3/Yamato-SaaS/node_modules/@radix-ui/react-icons/dist/MoonIcon.d.ts
D:/saas/AgentCoding/V3/Yamato-SaaS/node_modules/@radix-ui/react-icons/dist/MoveIcon.d.ts
D:/saas/AgentCoding/V3/Yamato-SaaS/node_modules/@radix-ui/react-icons/dist/NotionLogoIcon.d.ts
D:/saas/AgentCoding/V3/Yamato-SaaS/node_modules/@radix-ui/react-icons/dist/OpacityIcon.d.ts
D:/saas/AgentCoding/V3/Yamato-SaaS/node_modules/@radix-ui/react-icons/dist/OpenInNewWindowIcon.d.ts
D:/saas/AgentCoding/V3/Yamato-SaaS/node_modules/@radix-ui/react-icons/dist/OverlineIcon.d.ts
D:/saas/AgentCoding/V3/Yamato-SaaS/node_modules/@radix-ui/react-icons/dist/PaddingIcon.d.ts
D:/saas/AgentCoding/V3/Yamato-SaaS/node_modules/@radix-ui/react-icons/dist/PaperPlaneIcon.d.ts
D:/saas/AgentCoding/V3/Yamato-SaaS/node_modules/@radix-ui/react-icons/dist/PauseIcon.d.ts
D:/saas/AgentCoding/V3/Yamato-SaaS/node_modules/@radix-ui/react-icons/dist/Pencil1Icon.d.ts
D:/saas/AgentCoding/V3/Yamato-SaaS/node_modules/@radix-ui/react-icons/dist/Pencil2Icon.d.ts
D:/saas/AgentCoding/V3/Yamato-SaaS/node_modules/@radix-ui/react-icons/dist/PersonIcon.d.ts
D:/saas/AgentCoding/V3/Yamato-SaaS/node_modules/@radix-ui/react-icons/dist/PieChartIcon.d.ts
D:/saas/AgentCoding/V3/Yamato-SaaS/node_modules/@radix-ui/react-icons/dist/PilcrowIcon.d.ts
D:/saas/AgentCoding/V3/Yamato-SaaS/node_modules/@radix-ui/react-icons/dist/PinBottomIcon.d.ts
D:/saas/AgentCoding/V3/Yamato-SaaS/node_modules/@radix-ui/react-icons/dist/PinLeftIcon.d.ts
D:/saas/AgentCoding/V3/Yamato-SaaS/node_modules/@radix-ui/react-icons/dist/PinRightIcon.d.ts
D:/saas/AgentCoding/V3/Yamato-SaaS/node_modules/@radix-ui/react-icons/dist/PinTopIcon.d.ts
D:/saas/AgentCoding/V3/Yamato-SaaS/node_modules/@radix-ui/react-icons/dist/PlayIcon.d.ts
D:/saas/AgentCoding/V3/Yamato-SaaS/node_modules/@radix-ui/react-icons/dist/PlusIcon.d.ts
D:/saas/AgentCoding/V3/Yamato-SaaS/node_modules/@radix-ui/react-icons/dist/PlusCircledIcon.d.ts
D:/saas/AgentCoding/V3/Yamato-SaaS/node_modules/@radix-ui/react-icons/dist/QuestionMarkIcon.d.ts
D:/saas/AgentCoding/V3/Yamato-SaaS/node_modules/@radix-ui/react-icons/dist/QuestionMarkCircledIcon.d.ts
D:/saas/AgentCoding/V3/Yamato-SaaS/node_modules/@radix-ui/react-icons/dist/QuoteIcon.d.ts
D:/saas/AgentCoding/V3/Yamato-SaaS/node_modules/@radix-ui/react-icons/dist/RadiobuttonIcon.d.ts
D:/saas/AgentCoding/V3/Yamato-SaaS/node_modules/@radix-ui/react-icons/dist/ReaderIcon.d.ts
D:/saas/AgentCoding/V3/Yamato-SaaS/node_modules/@radix-ui/react-icons/dist/ReloadIcon.d.ts
D:/saas/AgentCoding/V3/Yamato-SaaS/node_modules/@radix-ui/react-icons/dist/ResetIcon.d.ts
D:/saas/AgentCoding/V3/Yamato-SaaS/node_modules/@radix-ui/react-icons/dist/ResumeIcon.d.ts
D:/saas/AgentCoding/V3/Yamato-SaaS/node_modules/@radix-ui/react-icons/dist/RocketIcon.d.ts
D:/saas/AgentCoding/V3/Yamato-SaaS/node_modules/@radix-ui/react-icons/dist/RotateCounterClockwiseIcon.d.ts
D:/saas/AgentCoding/V3/Yamato-SaaS/node_modules/@radix-ui/react-icons/dist/RowSpacingIcon.d.ts
D:/saas/AgentCoding/V3/Yamato-SaaS/node_modules/@radix-ui/react-icons/dist/RowsIcon.d.ts
D:/saas/AgentCoding/V3/Yamato-SaaS/node_modules/@radix-ui/react-icons/dist/RulerHorizontalIcon.d.ts
D:/saas/AgentCoding/V3/Yamato-SaaS/node_modules/@radix-ui/react-icons/dist/RulerSquareIcon.d.ts
D:/saas/AgentCoding/V3/Yamato-SaaS/node_modules/@radix-ui/react-icons/dist/ScissorsIcon.d.ts
D:/saas/AgentCoding/V3/Yamato-SaaS/node_modules/@radix-ui/react-icons/dist/SectionIcon.d.ts
D:/saas/AgentCoding/V3/Yamato-SaaS/node_modules/@radix-ui/react-icons/dist/SewingPinIcon.d.ts
D:/saas/AgentCoding/V3/Yamato-SaaS/node_modules/@radix-ui/react-icons/dist/SewingPinFilledIcon.d.ts
D:/saas/AgentCoding/V3/Yamato-SaaS/node_modules/@radix-ui/react-icons/dist/ShadowIcon.d.ts
D:/saas/AgentCoding/V3/Yamato-SaaS/node_modules/@radix-ui/react-icons/dist/ShadowInnerIcon.d.ts
D:/saas/AgentCoding/V3/Yamato-SaaS/node_modules/@radix-ui/react-icons/dist/ShadowNoneIcon.d.ts
D:/saas/AgentCoding/V3/Yamato-SaaS/node_modules/@radix-ui/react-icons/dist/ShadowOuterIcon.d.ts
D:/saas/AgentCoding/V3/Yamato-SaaS/node_modules/@radix-ui/react-icons/dist/Share1Icon.d.ts
D:/saas/AgentCoding/V3/Yamato-SaaS/node_modules/@radix-ui/react-icons/dist/Share2Icon.d.ts
D:/saas/AgentCoding/V3/Yamato-SaaS/node_modules/@radix-ui/react-icons/dist/ShuffleIcon.d.ts
D:/saas/AgentCoding/V3/Yamato-SaaS/node_modules/@radix-ui/react-icons/dist/SizeIcon.d.ts
D:/saas/AgentCoding/V3/Yamato-SaaS/node_modules/@radix-ui/react-icons/dist/SketchLogoIcon.d.ts
D:/saas/AgentCoding/V3/Yamato-SaaS/node_modules/@radix-ui/react-icons/dist/SlashIcon.d.ts
D:/saas/AgentCoding/V3/Yamato-SaaS/node_modules/@radix-ui/react-icons/dist/SliderIcon.d.ts
D:/saas/AgentCoding/V3/Yamato-SaaS/node_modules/@radix-ui/react-icons/dist/SpaceBetweenHorizontallyIcon.d.ts
D:/saas/AgentCoding/V3/Yamato-SaaS/node_modules/@radix-ui/react-icons/dist/SpaceBetweenVerticallyIcon.d.ts
D:/saas/AgentCoding/V3/Yamato-SaaS/node_modules/@radix-ui/react-icons/dist/SpaceEvenlyHorizontallyIcon.d.ts
D:/saas/AgentCoding/V3/Yamato-SaaS/node_modules/@radix-ui/react-icons/dist/SpaceEvenlyVerticallyIcon.d.ts
D:/saas/AgentCoding/V3/Yamato-SaaS/node_modules/@radix-ui/react-icons/dist/SpeakerLoudIcon.d.ts
D:/saas/AgentCoding/V3/Yamato-SaaS/node_modules/@radix-ui/react-icons/dist/SpeakerModerateIcon.d.ts
D:/saas/AgentCoding/V3/Yamato-SaaS/node_modules/@radix-ui/react-icons/dist/SpeakerOffIcon.d.ts
D:/saas/AgentCoding/V3/Yamato-SaaS/node_modules/@radix-ui/react-icons/dist/SpeakerQuietIcon.d.ts
D:/saas/AgentCoding/V3/Yamato-SaaS/node_modules/@radix-ui/react-icons/dist/SquareIcon.d.ts
D:/saas/AgentCoding/V3/Yamato-SaaS/node_modules/@radix-ui/react-icons/dist/StackIcon.d.ts
D:/saas/AgentCoding/V3/Yamato-SaaS/node_modules/@radix-ui/react-icons/dist/StarIcon.d.ts
D:/saas/AgentCoding/V3/Yamato-SaaS/node_modules/@radix-ui/react-icons/dist/StarFilledIcon.d.ts
D:/saas/AgentCoding/V3/Yamato-SaaS/node_modules/@radix-ui/react-icons/dist/StitchesLogoIcon.d.ts
D:/saas/AgentCoding/V3/Yamato-SaaS/node_modules/@radix-ui/react-icons/dist/StopIcon.d.ts
D:/saas/AgentCoding/V3/Yamato-SaaS/node_modules/@radix-ui/react-icons/dist/StopwatchIcon.d.ts
D:/saas/AgentCoding/V3/Yamato-SaaS/node_modules/@radix-ui/react-icons/dist/StretchHorizontallyIcon.d.ts
D:/saas/AgentCoding/V3/Yamato-SaaS/node_modules/@radix-ui/react-icons/dist/StretchVerticallyIcon.d.ts
D:/saas/AgentCoding/V3/Yamato-SaaS/node_modules/@radix-ui/react-icons/dist/StrikethroughIcon.d.ts
D:/saas/AgentCoding/V3/Yamato-SaaS/node_modules/@radix-ui/react-icons/dist/SunIcon.d.ts
D:/saas/AgentCoding/V3/Yamato-SaaS/node_modules/@radix-ui/react-icons/dist/SwitchIcon.d.ts
D:/saas/AgentCoding/V3/Yamato-SaaS/node_modules/@radix-ui/react-icons/dist/SymbolIcon.d.ts
D:/saas/AgentCoding/V3/Yamato-SaaS/node_modules/@radix-ui/react-icons/dist/TableIcon.d.ts
D:/saas/AgentCoding/V3/Yamato-SaaS/node_modules/@radix-ui/react-icons/dist/TargetIcon.d.ts
D:/saas/AgentCoding/V3/Yamato-SaaS/node_modules/@radix-ui/react-icons/dist/TextIcon.d.ts
D:/saas/AgentCoding/V3/Yamato-SaaS/node_modules/@radix-ui/react-icons/dist/TextAlignBottomIcon.d.ts
D:/saas/AgentCoding/V3/Yamato-SaaS/node_modules/@radix-ui/react-icons/dist/TextAlignCenterIcon.d.ts
D:/saas/AgentCoding/V3/Yamato-SaaS/node_modules/@radix-ui/react-icons/dist/TextAlignJustifyIcon.d.ts
D:/saas/AgentCoding/V3/Yamato-SaaS/node_modules/@radix-ui/react-icons/dist/TextAlignLeftIcon.d.ts
D:/saas/AgentCoding/V3/Yamato-SaaS/node_modules/@radix-ui/react-icons/dist/TextAlignMiddleIcon.d.ts
D:/saas/AgentCoding/V3/Yamato-SaaS/node_modules/@radix-ui/react-icons/dist/TextAlignRightIcon.d.ts
D:/saas/AgentCoding/V3/Yamato-SaaS/node_modules/@radix-ui/react-icons/dist/TextAlignTopIcon.d.ts
D:/saas/AgentCoding/V3/Yamato-SaaS/node_modules/@radix-ui/react-icons/dist/TextNoneIcon.d.ts
D:/saas/AgentCoding/V3/Yamato-SaaS/node_modules/@radix-ui/react-icons/dist/ThickArrowDownIcon.d.ts
D:/saas/AgentCoding/V3/Yamato-SaaS/node_modules/@radix-ui/react-icons/dist/ThickArrowLeftIcon.d.ts
D:/saas/AgentCoding/V3/Yamato-SaaS/node_modules/@radix-ui/react-icons/dist/ThickArrowRightIcon.d.ts
D:/saas/AgentCoding/V3/Yamato-SaaS/node_modules/@radix-ui/react-icons/dist/ThickArrowUpIcon.d.ts
D:/saas/AgentCoding/V3/Yamato-SaaS/node_modules/@radix-ui/react-icons/dist/TimerIcon.d.ts
D:/saas/AgentCoding/V3/Yamato-SaaS/node_modules/@radix-ui/react-icons/dist/TokensIcon.d.ts
D:/saas/AgentCoding/V3/Yamato-SaaS/node_modules/@radix-ui/react-icons/dist/TrackNextIcon.d.ts
D:/saas/AgentCoding/V3/Yamato-SaaS/node_modules/@radix-ui/react-icons/dist/TrackPreviousIcon.d.ts
D:/saas/AgentCoding/V3/Yamato-SaaS/node_modules/@radix-ui/react-icons/dist/TransformIcon.d.ts
D:/saas/AgentCoding/V3/Yamato-SaaS/node_modules/@radix-ui/react-icons/dist/TransparencyGridIcon.d.ts
D:/saas/AgentCoding/V3/Yamato-SaaS/node_modules/@radix-ui/react-icons/dist/TrashIcon.d.ts
D:/saas/AgentCoding/V3/Yamato-SaaS/node_modules/@radix-ui/react-icons/dist/TriangleDownIcon.d.ts
D:/saas/AgentCoding/V3/Yamato-SaaS/node_modules/@radix-ui/react-icons/dist/TriangleLeftIcon.d.ts
D:/saas/AgentCoding/V3/Yamato-SaaS/node_modules/@radix-ui/react-icons/dist/TriangleRightIcon.d.ts
D:/saas/AgentCoding/V3/Yamato-SaaS/node_modules/@radix-ui/react-icons/dist/TriangleUpIcon.d.ts
D:/saas/AgentCoding/V3/Yamato-SaaS/node_modules/@radix-ui/react-icons/dist/TwitterLogoIcon.d.ts
D:/saas/AgentCoding/V3/Yamato-SaaS/node_modules/@radix-ui/react-icons/dist/UnderlineIcon.d.ts
D:/saas/AgentCoding/V3/Yamato-SaaS/node_modules/@radix-ui/react-icons/dist/UpdateIcon.d.ts
D:/saas/AgentCoding/V3/Yamato-SaaS/node_modules/@radix-ui/react-icons/dist/UploadIcon.d.ts
D:/saas/AgentCoding/V3/Yamato-SaaS/node_modules/@radix-ui/react-icons/dist/ValueIcon.d.ts
D:/saas/AgentCoding/V3/Yamato-SaaS/node_modules/@radix-ui/react-icons/dist/ValueNoneIcon.d.ts
D:/saas/AgentCoding/V3/Yamato-SaaS/node_modules/@radix-ui/react-icons/dist/VercelLogoIcon.d.ts
D:/saas/AgentCoding/V3/Yamato-SaaS/node_modules/@radix-ui/react-icons/dist/VideoIcon.d.ts
D:/saas/AgentCoding/V3/Yamato-SaaS/node_modules/@radix-ui/react-icons/dist/ViewGridIcon.d.ts
D:/saas/AgentCoding/V3/Yamato-SaaS/node_modules/@radix-ui/react-icons/dist/ViewHorizontalIcon.d.ts
D:/saas/AgentCoding/V3/Yamato-SaaS/node_modules/@radix-ui/react-icons/dist/ViewNoneIcon.d.ts
D:/saas/AgentCoding/V3/Yamato-SaaS/node_modules/@radix-ui/react-icons/dist/ViewVerticalIcon.d.ts
D:/saas/AgentCoding/V3/Yamato-SaaS/node_modules/@radix-ui/react-icons/dist/WidthIcon.d.ts
D:/saas/AgentCoding/V3/Yamato-SaaS/node_modules/@radix-ui/react-icons/dist/ZoomInIcon.d.ts
D:/saas/AgentCoding/V3/Yamato-SaaS/node_modules/@radix-ui/react-icons/dist/ZoomOutIcon.d.ts
D:/saas/AgentCoding/V3/Yamato-SaaS/node_modules/@radix-ui/react-icons/dist/index.d.ts
D:/saas/AgentCoding/V3/Yamato-SaaS/src/templates/CTA.tsx
D:/saas/AgentCoding/V3/Yamato-SaaS/src/templates/DemoBanner.tsx
D:/saas/AgentCoding/V3/Yamato-SaaS/src/templates/FAQ.tsx
D:/saas/AgentCoding/V3/Yamato-SaaS/src/templates/Pricing.tsx
D:/saas/AgentCoding/V3/Yamato-SaaS/node_modules/@testing-library/dom/node_modules/@types/aria-query/index.d.ts
D:/saas/AgentCoding/V3/Yamato-SaaS/node_modules/@testing-library/dom/types/matches.d.ts
D:/saas/AgentCoding/V3/Yamato-SaaS/node_modules/@testing-library/dom/types/wait-for.d.ts
D:/saas/AgentCoding/V3/Yamato-SaaS/node_modules/@testing-library/dom/types/query-helpers.d.ts
D:/saas/AgentCoding/V3/Yamato-SaaS/node_modules/@testing-library/dom/types/queries.d.ts
D:/saas/AgentCoding/V3/Yamato-SaaS/node_modules/@testing-library/dom/types/get-queries-for-element.d.ts
D:/saas/AgentCoding/V3/Yamato-SaaS/node_modules/@testing-library/dom/node_modules/pretty-format/build/types.d.ts
D:/saas/AgentCoding/V3/Yamato-SaaS/node_modules/@testing-library/dom/node_modules/pretty-format/build/index.d.ts
D:/saas/AgentCoding/V3/Yamato-SaaS/node_modules/@testing-library/dom/types/screen.d.ts
D:/saas/AgentCoding/V3/Yamato-SaaS/node_modules/@testing-library/dom/types/wait-for-element-to-be-removed.d.ts
D:/saas/AgentCoding/V3/Yamato-SaaS/node_modules/@testing-library/dom/types/get-node-text.d.ts
D:/saas/AgentCoding/V3/Yamato-SaaS/node_modules/@testing-library/dom/types/events.d.ts
D:/saas/AgentCoding/V3/Yamato-SaaS/node_modules/@testing-library/dom/types/pretty-dom.d.ts
D:/saas/AgentCoding/V3/Yamato-SaaS/node_modules/@testing-library/dom/types/role-helpers.d.ts
D:/saas/AgentCoding/V3/Yamato-SaaS/node_modules/@testing-library/dom/types/config.d.ts
D:/saas/AgentCoding/V3/Yamato-SaaS/node_modules/@testing-library/dom/types/suggestions.d.ts
D:/saas/AgentCoding/V3/Yamato-SaaS/node_modules/@testing-library/dom/types/index.d.ts
D:/saas/AgentCoding/V3/Yamato-SaaS/node_modules/@testing-library/react/types/index.d.ts
D:/saas/AgentCoding/V3/Yamato-SaaS/src/utils/test-utils.tsx
D:/saas/AgentCoding/V3/Yamato-SaaS/node_modules/@storybook/core-webpack/dist/index.d.ts
D:/saas/AgentCoding/V3/Yamato-SaaS/node_modules/fork-ts-checker-webpack-plugin/lib/issue/issue-position.d.ts
D:/saas/AgentCoding/V3/Yamato-SaaS/node_modules/fork-ts-checker-webpack-plugin/lib/issue/issue-location.d.ts
D:/saas/AgentCoding/V3/Yamato-SaaS/node_modules/fork-ts-checker-webpack-plugin/lib/issue/issue-severity.d.ts
D:/saas/AgentCoding/V3/Yamato-SaaS/node_modules/fork-ts-checker-webpack-plugin/lib/issue/issue.d.ts
D:/saas/AgentCoding/V3/Yamato-SaaS/node_modules/fork-ts-checker-webpack-plugin/lib/issue/index.d.ts
D:/saas/AgentCoding/V3/Yamato-SaaS/node_modules/fork-ts-checker-webpack-plugin/lib/formatter/formatter.d.ts
D:/saas/AgentCoding/V3/Yamato-SaaS/node_modules/fork-ts-checker-webpack-plugin/lib/formatter/basic-formatter.d.ts
D:/saas/AgentCoding/V3/Yamato-SaaS/node_modules/fork-ts-checker-webpack-plugin/lib/formatter/types/babel__code-frame.d.ts
D:/saas/AgentCoding/V3/Yamato-SaaS/node_modules/fork-ts-checker-webpack-plugin/lib/formatter/code-frame-formatter.d.ts
D:/saas/AgentCoding/V3/Yamato-SaaS/node_modules/fork-ts-checker-webpack-plugin/lib/formatter/webpack-formatter.d.ts
D:/saas/AgentCoding/V3/Yamato-SaaS/node_modules/fork-ts-checker-webpack-plugin/lib/formatter/formatter-options.d.ts
D:/saas/AgentCoding/V3/Yamato-SaaS/node_modules/fork-ts-checker-webpack-plugin/lib/formatter/formatter-config.d.ts
D:/saas/AgentCoding/V3/Yamato-SaaS/node_modules/fork-ts-checker-webpack-plugin/lib/formatter/index.d.ts
D:/saas/AgentCoding/V3/Yamato-SaaS/node_modules/fork-ts-checker-webpack-plugin/lib/issue/issue-predicate.d.ts
D:/saas/AgentCoding/V3/Yamato-SaaS/node_modules/fork-ts-checker-webpack-plugin/lib/issue/issue-match.d.ts
D:/saas/AgentCoding/V3/Yamato-SaaS/node_modules/fork-ts-checker-webpack-plugin/lib/issue/issue-options.d.ts
D:/saas/AgentCoding/V3/Yamato-SaaS/node_modules/fork-ts-checker-webpack-plugin/lib/logger.d.ts
D:/saas/AgentCoding/V3/Yamato-SaaS/node_modules/fork-ts-checker-webpack-plugin/lib/typescript/type-script-config-overwrite.d.ts
D:/saas/AgentCoding/V3/Yamato-SaaS/node_modules/fork-ts-checker-webpack-plugin/lib/typescript/type-script-diagnostics-options.d.ts
D:/saas/AgentCoding/V3/Yamato-SaaS/node_modules/fork-ts-checker-webpack-plugin/lib/typescript/type-script-worker-options.d.ts
D:/saas/AgentCoding/V3/Yamato-SaaS/node_modules/fork-ts-checker-webpack-plugin/lib/plugin-options.d.ts
D:/saas/AgentCoding/V3/Yamato-SaaS/node_modules/node-abort-controller/index.d.ts
D:/saas/AgentCoding/V3/Yamato-SaaS/node_modules/fork-ts-checker-webpack-plugin/lib/utils/async/pool.d.ts
D:/saas/AgentCoding/V3/Yamato-SaaS/node_modules/fork-ts-checker-webpack-plugin/lib/files-change.d.ts
D:/saas/AgentCoding/V3/Yamato-SaaS/node_modules/fork-ts-checker-webpack-plugin/lib/plugin.d.ts
D:/saas/AgentCoding/V3/Yamato-SaaS/node_modules/fork-ts-checker-webpack-plugin/lib/index.d.ts
D:/saas/AgentCoding/V3/Yamato-SaaS/node_modules/@storybook/builder-webpack5/dist/index.d.ts
D:/saas/AgentCoding/V3/Yamato-SaaS/node_modules/typescript/lib/typescript.d.ts
D:/saas/AgentCoding/V3/Yamato-SaaS/node_modules/react-docgen-typescript/lib/parser.d.ts
D:/saas/AgentCoding/V3/Yamato-SaaS/node_modules/react-docgen-typescript/lib/index.d.ts
D:/saas/AgentCoding/V3/Yamato-SaaS/node_modules/@storybook/react-docgen-typescript-plugin/dist/types.d.ts
D:/saas/AgentCoding/V3/Yamato-SaaS/node_modules/@storybook/react-docgen-typescript-plugin/dist/generateDocgenCodeBlock.d.ts
D:/saas/AgentCoding/V3/Yamato-SaaS/node_modules/@storybook/react-docgen-typescript-plugin/dist/plugin.d.ts
D:/saas/AgentCoding/V3/Yamato-SaaS/node_modules/@storybook/react-docgen-typescript-plugin/dist/index.d.ts
D:/saas/AgentCoding/V3/Yamato-SaaS/node_modules/@storybook/preset-react-webpack/dist/types-147216d5.d.ts
D:/saas/AgentCoding/V3/Yamato-SaaS/node_modules/@storybook/preset-react-webpack/dist/index.d.ts
D:/saas/AgentCoding/V3/Yamato-SaaS/node_modules/@storybook/nextjs/dist/types-aef892a1.d.ts
D:/saas/AgentCoding/V3/Yamato-SaaS/node_modules/@storybook/nextjs/dist/index.d.ts
D:/saas/AgentCoding/V3/Yamato-SaaS/.storybook/main.ts
D:/saas/AgentCoding/V3/Yamato-SaaS/.storybook/preview.ts
D:/saas/AgentCoding/V3/Yamato-SaaS/node_modules/@babel/types/lib/index.d.ts
D:/saas/AgentCoding/V3/Yamato-SaaS/node_modules/@types/babel__generator/index.d.ts
D:/saas/AgentCoding/V3/Yamato-SaaS/node_modules/@babel/parser/typings/babel-parser.d.ts
D:/saas/AgentCoding/V3/Yamato-SaaS/node_modules/@types/babel__template/index.d.ts
D:/saas/AgentCoding/V3/Yamato-SaaS/node_modules/@types/babel__traverse/index.d.ts
D:/saas/AgentCoding/V3/Yamato-SaaS/node_modules/@types/babel__core/index.d.ts
D:/saas/AgentCoding/V3/Yamato-SaaS/node_modules/@vitejs/plugin-react/dist/index.d.mts
D:/saas/AgentCoding/V3/Yamato-SaaS/node_modules/vite-tsconfig-paths/dist/index.d.ts
D:/saas/AgentCoding/V3/Yamato-SaaS/node_modules/vitest/dist/config.d.ts
D:/saas/AgentCoding/V3/Yamato-SaaS/node_modules/vitest/config.d.ts
D:/saas/AgentCoding/V3/Yamato-SaaS/vitest.config.mts
D:/saas/AgentCoding/V3/Yamato-SaaS/.next/types/app/[locale]/layout.ts
D:/saas/AgentCoding/V3/Yamato-SaaS/.next/types/app/[locale]/(auth)/layout.ts
D:/saas/AgentCoding/V3/Yamato-SaaS/.next/types/app/[locale]/(auth)/(center)/layout.ts
D:/saas/AgentCoding/V3/Yamato-SaaS/.next/types/app/[locale]/(auth)/(center)/sign-in/[[...sign-in]]/page.ts
D:/saas/AgentCoding/V3/Yamato-SaaS/.next/types/app/[locale]/(auth)/dashboard/layout.ts
D:/saas/AgentCoding/V3/Yamato-SaaS/.next/types/app/[locale]/(auth)/dashboard/page.ts
D:/saas/AgentCoding/V3/Yamato-SaaS/.next/types/app/[locale]/(auth)/dashboard/plandetails/page.ts
D:/saas/AgentCoding/V3/Yamato-SaaS/.next/types/app/[locale]/(unauth)/page.ts
D:/saas/AgentCoding/V3/Yamato-SaaS/.next/types/app/api/plandetails/route.ts
D:/saas/AgentCoding/V3/Yamato-SaaS/.next/types/app/api/plandetails/relations/options/route.ts
D:/saas/AgentCoding/V3/Yamato-SaaS/node_modules/vitest/globals.d.ts

Found 14 errors in 7 files.

Errors  Files
     3  scripts/configs/plandetail-config.ts[90m:452[0m
     1  scripts/enhanced-generate-advanced-entity-V2.ts[90m:943[0m
     1  scripts/enhanced-generate-advanced-entity-V3-complete.ts[90m:12[0m
     4  scripts/enhanced-generate-advanced-entity-V3-configurable.ts[90m:251[0m
     2  scripts/enhanced-generate-advanced-entity-V3-with-relations.ts[90m:151[0m
     1  scripts/simple-plandetail-generator.ts[90m:12[0m
     2  scripts/test-config.ts[90m:28[0m


=== ESLint ERRORS ===

> saas-boilerplate@1.1.4 lint:all
> eslint . --format=table --max-warnings 999

The table formatter is no longer part of core ESLint. Install it manually with `npm install -D eslint-formatter-table`

